id,domain,status,purchase_price,renewal_price,attractiveness,demand,length,registrar,created_at,expires_at,status_verified_at
a7780fc1-2b97-4cc8-945b-ec03d1c6b3fd,pigmented.horse,available,26.26,26.26,medium,low,9,porkbun,,,30/09/2026 14:34
6453377d-a0af-44b7-bc94-6872ca2d8482,fax.horse,premium,512,29.5,high,low,3,namesilo,,,28/09/2026 14:07
d4cb4464-e739-4735-a831-37d977d3bd2e,duke.horse,available,26.08,26.08,high,medium,4,spaceship,,,29/09/2026 17:06
c49eda10-84be-4143-aa87-e21a1d32df74,vaned.horse,available,32.49,32.49,medium,low,5,namesilo,,,13/09/2026 01:06
e284b678-1855-45df-99cd-de40a2f00eed,sagittal.horse,available,33.98,43.98,high,medium,8,namecheap,,,09/09/2026 20:48
5220827b-75f6-40ad-a41d-4c0717b261ab,whiten.horse,available,25.2,25.2,medium,low,6,cloudflare,,,28/09/2026 10:28
57fc75cb-be54-4297-bd32-d771fe9ab02b,spock.horse,available,33.98,43.98,high,low,5,namecheap,,,23/09/2026 08:25
e83f6c98-e21a-4f09-8365-f6e68820a5c8,slippered.horse,available,32.49,32.49,medium,low,9,namesilo,,,10/09/2026 10:59
40563101-aeb4-4bd5-b4b5-ad24e9d120b1,washed.horse,available,32.49,32.49,high,low,6,namesilo,,,13/09/2026 08:31
957c1e93-1c7e-400e-ab41-fa813322d3d3,utile.horse,available,32.49,32.49,medium,low,5,namesilo,,,13/09/2026 00:01
475ee330-8f36-40e7-bca5-fb5917026288,boycott.horse,available,32.49,32.49,medium,low,7,namesilo,,,24/09/2026 07:48
426d3a3f-9951-4960-b5fa-318ac28afb45,condone.horse,available,26.08,26.08,high,low,7,spaceship,,,30/09/2026 17:43
d2eeb654-2802-46a9-843b-ec101e382f42,seriously.horse,available,26.08,26.08,medium,low,9,spaceship,,,28/09/2026 13:17
67ed5244-1905-4b59-8a02-dd140592ed1a,diaz.horse,premium,96,29.5,high,low,4,namesilo,,,22/09/2026 09:18
0992ba37-2799-4afc-b09b-6e59f1ab0d2e,herewith.horse,available,32.49,32.49,medium,low,8,namesilo,,,15/09/2026 00:27
377fb2df-341b-4f28-8ca8-4ff2619f1cea,righted.horse,available,32.49,32.49,medium,low,7,namesilo,,,20/09/2026 15:58
543e652a-bfcc-4085-ae4a-218370bc9a24,rosenbaum.horse,available,32.49,32.49,high,low,9,namesilo,,,30/09/2026 05:15
28ba575d-798a-47ad-8df9-a98e029e81f0,aviation.horse,available,32.49,32.49,high,low,8,namesilo,,,17/09/2026 22:43
e7f751fc-7654-46ba-bd16-afb0a9a7ff44,fights.horse,available,32.49,32.49,medium,low,6,namesilo,,,20/09/2026 00:14
dba93a25-f5e7-4316-8240-b82065280e2a,vanished.horse,available,32.49,32.49,medium,low,8,namesilo,,,13/09/2026 01:09
815caaa8-9f0d-4035-9794-993cbce3eecf,fanlike.horse,available,32.49,32.49,medium,low,7,namesilo,,,17/08/2026 22:07
03d32fd5-b0c6-434b-afdd-ca164fa7022f,charge.horse,available,32.49,32.49,high,low,6,namesilo,,,28/09/2026 22:08
ce5f0eb5-3595-48a7-a374-5a5ba328c4bd,fars.horse,available,33.98,43.98,medium,low,4,namecheap,,,30/09/2026 13:45
4c47bfed-19f3-4816-a1bb-2c6121114bcb,filaria.horse,available,32.49,32.49,medium,low,7,namesilo,,,18/09/2026 06:14
8d607817-bb28-463c-b42c-e726190a67ba,astuteness.horse,available,33.98,43.98,medium,low,10,namecheap,,,20/09/2026 18:21
529aa256-e0aa-4cd0-9c3f-9b0e24daf48e,richest.horse,available,26.08,26.08,medium,low,7,spaceship,,,28/09/2026 12:54
243332d1-f346-4eba-8ada-a3dafa3d8715,bissau.horse,available,33.98,43.98,medium,low,6,namecheap,,,23/09/2026 22:06
99994ac1-e44d-46da-9343-6c733d1f662c,lesson.horse,available,32.49,32.49,high,low,6,namesilo,,,25/09/2026 21:42
fa746128-fd26-4e86-9c75-a2008e3f97e0,citibank.horse,available,32.49,32.49,high,medium,8,namesilo,,,
4c656e59-8d4a-48b4-8b02-ecb1f7b6ca73,courtly.horse,available,32.49,32.49,high,low,7,namesilo,,,13/08/2026 03:50
5f819186-ab53-4292-9296-3310275f29a0,program.horse,available,32.49,32.49,high,low,7,namesilo,,,24/09/2026 17:00
b298b0c8-34ef-418a-8232-bc0a05282992,battlefield.horse,available,32.49,32.49,high,low,11,namesilo,,,28/09/2026 16:00
a223c111-4110-4c4e-8d01-fc10be588c31,avestan.horse,available,32.49,32.49,medium,low,7,namesilo,,,07/08/2026 23:07
8cba2e1a-0317-4c6b-b19f-93c26061bb99,shogunate.horse,available,32.49,32.49,medium,low,9,namesilo,,,21/09/2026 05:18
2c1c5e22-4f99-42b1-9a3d-280840cb726c,cunningham.horse,available,32.49,32.49,high,low,10,namesilo,,,25/09/2026 04:27
121fbffa-b16f-4ad0-81c7-ed472144b7c8,lang.horse,available,32.49,32.49,high,low,4,namesilo,,,01/10/2026 04:56
9c9161be-5c98-4d5a-a9a4-68c6aa298963,erbium.horse,available,33.98,43.98,medium,low,6,namecheap,,,20/09/2026 23:37
cd9951a4-53ce-4cdb-b5a2-db0d843916b4,scythian.horse,available,32.49,32.49,medium,low,8,namesilo,,,10/09/2026 00:28
0ae93960-e59a-48c1-af79-c87aefd2b0ed,sits.horse,available,32.49,32.49,high,low,4,namesilo,,,17/09/2026 03:03
85b609ab-ab48-4301-9e11-933e2e0d850e,wily.horse,available,32.49,32.49,medium,low,4,namesilo,,,13/08/2026 04:38
5fe208cc-d821-4810-af8c-f30258a41424,passed.horse,available,32.49,32.49,medium,low,6,namesilo,,,
3ae1b626-c518-4bb0-aa86-88139deab3c6,riemann.horse,available,33.98,43.98,high,low,7,namecheap,,,23/09/2026 09:54
da599b01-2832-4dc1-a234-2a2220fb1033,irritate.horse,available,33.98,43.98,medium,low,8,namecheap,,,29/09/2026 14:40
86e3c782-bdfa-4669-9f92-f629b1583b11,kendrick.horse,available,32.49,32.49,medium,low,8,namesilo,,,28/09/2026 08:02
05778eb9-a13d-4368-b0c3-11d0f12bc86d,fixtures.horse,available,32.49,32.49,medium,low,8,namesilo,,,30/09/2026 00:04
ebc07aa0-62c5-4592-b3fc-b4050f86c7a9,shelby.horse,premium,104,32.5,high,low,6,namecheap,,,25/09/2026 15:30
bebdae67-c7f0-4a69-bc1e-b2d70133636c,squarish.horse,available,32.49,32.49,medium,low,8,namesilo,,,10/09/2026 17:29
f335c510-e8e0-4c62-8787-30f4876ba9a2,rendering.horse,available,25.2,25.2,high,low,9,cloudflare,,,29/09/2026 19:21
3e0d81ae-e16e-4b77-a74b-07151e6fab8b,daryl.horse,available,26.08,26.08,medium,low,5,spaceship,,,29/09/2026 04:03
483d778d-f159-4035-bb5e-fa8f3b00ee79,vend.horse,available,26.08,26.08,high,low,4,spaceship,,,30/09/2026 02:34
9c3d6deb-c2a8-42cd-ae43-13c0e7c95de1,gingerly.horse,available,32.49,32.49,medium,low,8,namesilo,,,18/08/2026 23:55
27a48ba6-d258-491f-bfa9-901e740509d5,downscale.horse,available,33.98,43.98,medium,low,9,namecheap,,,14/08/2026 17:52
83d266e5-70c1-4188-a167-3eb02d5f67e5,draws.horse,available,32.49,32.49,high,low,5,namesilo,,,
a7d09b34-b8ee-494b-8763-364f7beee1c7,fil.horse,premium,41.6,26.08,high,low,3,spaceship,,,30/09/2026 03:20
c315d791-0e8e-4dcc-ba53-c2d4244cc30d,snub.horse,available,32.49,32.49,high,medium,4,namesilo,,,10/09/2026 12:47
963efab2-3a71-493e-9b21-86db5d758757,abstracted.horse,available,32.49,32.49,medium,low,10,namesilo,,,
5ad126d3-d9df-4a36-8e22-39bdbb8db220,dispersed.horse,available,32.49,32.49,medium,low,9,namesilo,,,14/08/2026 11:56
db320271-88ce-477b-b9a7-b809687522ad,kruger.horse,available,26.08,26.08,medium,low,6,spaceship,,,29/09/2026 01:31
a27baa7d-0dfa-40a8-a2ae-80ffb7d1f93c,opencast.horse,available,32.49,32.49,medium,low,8,namesilo,,,04/09/2026 16:08
cf8735e6-7964-43d1-8a22-ac3c76655eeb,adman.horse,available,32.49,32.49,medium,low,5,namesilo,,,17/09/2026 08:40
ee7b3972-f0db-40c1-af21-0204e2d02d1c,unlock.horse,available,32.49,32.49,high,medium,6,namesilo,,,28/09/2026 11:10
00ffcd8b-634a-4adf-a383-100b94e940d6,indicated.horse,available,32.49,32.49,medium,low,9,namesilo,,,28/09/2026 12:56
170ac8c6-156c-4737-9a00-057e786ae25d,virginal.horse,available,32.49,32.49,high,low,8,namesilo,,,13/09/2026 05:57
0ca31572-bcf0-4cf5-89f6-3b501eff15d7,tabu.horse,available,32.49,32.49,high,low,4,namesilo,,,18/08/2026 11:04
e877009c-dcbf-4db6-b5a3-36a8569fa3c1,binomial.horse,available,32.49,32.49,high,low,8,namesilo,,,10/08/2026 00:30
0f4073fe-7034-437f-ac90-b5ca1fe87849,orphic.horse,available,32.49,32.49,medium,low,6,namesilo,,,03/09/2026 12:27
56e19cdc-f4cc-4ee5-b2e1-f196f650f256,gladsome.horse,available,32.49,32.49,high,low,8,namesilo,,,19/08/2026 00:13
ef80c52f-b83d-4bd1-a5a3-c1d525dc286d,designate.horse,available,32.49,32.49,high,low,9,namesilo,,,14/08/2026 03:42
9479df22-3730-445d-945a-978ff4595286,aeneid.horse,available,32.49,32.49,medium,low,6,namesilo,,,17/09/2026 12:28
9abb6931-5f21-4868-af9e-917a109bfd62,grt.horse,available,32.49,32.49,high,low,3,namesilo,,,01/10/2026 23:41
877ca628-6f28-464e-a927-be058bf30f59,magically.horse,available,33.98,43.98,high,low,9,namecheap,,,13/09/2026 21:17
9f6920b4-1c00-4f09-8400-99330e96530b,webber.horse,available,32.49,32.49,medium,low,6,namesilo,,,29/09/2026 15:02
6cbaabfb-e77e-4b1e-a2cd-0a282498296b,charleston.horse,premium,207.2,26.08,high,low,10,spaceship,,,29/09/2026 07:20
471feeec-665a-4bd3-96f0-68c9e97ea7f7,cbo.horse,available,32.49,32.49,high,low,3,namesilo,,,30/09/2026 04:30
11157129-8705-489c-89e7-6e58d6c8eb18,permeable.horse,available,32.49,32.49,medium,low,9,namesilo,,,08/09/2026 17:36
7f724196-4a1e-460b-8619-800096ff363c,herzegovina.horse,available,25.2,25.2,medium,low,11,cloudflare,,,27/09/2026 18:47
adc7465d-5627-4a51-aa7b-f046f0518538,savagery.horse,available,32.49,32.49,medium,low,8,namesilo,,,22/09/2026 04:29
9a97e164-8a8c-42ee-8a30-3256e717775d,exploring.horse,available,26.08,26.08,high,low,9,spaceship,,,28/09/2026 15:59
1df50618-e25c-4923-b634-a0e5496a7846,officially.horse,available,32.49,32.49,high,low,10,namesilo,,,14/09/2026 19:44
4d77c2bb-a354-4daa-a408-14db93dd6443,twoscore.horse,available,32.49,32.49,medium,low,8,namesilo,,,
956201ce-08e1-419d-82c5-0cb5c218c9f6,foiling.horse,available,32.49,32.49,medium,low,7,namesilo,,,11/09/2026 15:16
6519b433-8d28-4695-9995-31a05b165968,illegitimate.horse,available,32.49,32.49,medium,low,12,namesilo,,,30/09/2026 03:36
23bc4330-a0dd-4203-872e-d567df91e0fa,diversity.horse,available,32.49,32.49,high,low,9,namesilo,,,29/09/2026 16:23
d2a0b846-6aba-4fb0-8edd-230101954081,oviparous.horse,available,32.49,32.49,medium,low,9,namesilo,,,04/09/2026 22:09
32414d1c-4fb1-4e56-b373-69bd2fcbf29d,ejected.horse,available,26.08,26.08,medium,low,7,spaceship,,,02/10/2026 02:12
a6d78cbc-c558-4c2b-a80d-9f55a4c96a4f,schoolhouse.horse,available,32.49,32.49,high,low,11,namesilo,,,30/09/2026 12:19
dbdcee06-2387-4c48-b7f8-8c52edffd556,marlon.horse,available,32.49,32.49,high,low,6,namesilo,,,29/09/2026 15:44
18ffae54-22af-431b-84a6-663fbf0d874a,pithily.horse,available,33.98,43.98,medium,low,7,namecheap,,,15/09/2026 20:06
2ebf648b-b6fd-4084-b091-341d6ba56fd1,connecting.horse,available,25.2,25.2,medium,low,10,cloudflare,,,28/09/2026 22:52
550f0367-e3e9-4a2e-a57d-74d2a09753e8,supergroup.horse,available,26.08,26.08,high,low,10,spaceship,,,01/10/2026 23:14
3a9d11be-e84e-42bb-9b0e-46dcebc6c573,overleaf.horse,available,32.49,32.49,medium,low,8,namesilo,,,15/09/2026 18:27
ecb0f830-d9ea-4d8d-b33f-22a63b191fad,dominance.horse,available,25.2,25.2,high,low,9,cloudflare,,,28/09/2026 22:25
6eb40d2a-2c2d-4671-9014-ac8045efa4ac,stretching.horse,available,32.49,32.49,medium,low,10,namesilo,,,29/09/2026 02:14
3c45239e-5ca4-4f84-b054-291b6c2f8921,abrupt.horse,available,32.49,32.49,high,low,6,namesilo,,,
e10d78f5-1a06-47de-87d3-2ffc6d4d6851,amplifying.horse,available,32.49,32.49,medium,low,10,namesilo,,,17/09/2026 20:45
e6c4a791-6804-42f9-a01e-dc92f80ac270,scorch.horse,available,32.49,32.49,medium,low,6,namesilo,,,10/09/2026 00:51
1e952998-65ed-4f2b-8b01-18c18fae8e0c,oozy.horse,available,32.49,32.49,medium,low,4,namesilo,,,04/09/2026 15:30
05c2f5bc-41d4-4081-b9e9-a9ed52eb8714,animistic.horse,available,32.49,32.49,medium,low,9,namesilo,,,
aa82fca3-9ca9-45ed-b403-26be10180a93,foodless.horse,available,32.49,32.49,medium,low,8,namesilo,,,18/08/2026 10:26
df907461-1ba3-43a5-b1f4-ff8c5bbac11c,start.horse,available,33.98,43.98,high,medium,5,namecheap,,,27/09/2026 04:39
07627839-0a84-4bda-ae1c-7f798009c57e,monastery.horse,available,26.08,26.08,high,low,9,spaceship,,,28/09/2026 19:54
c32c7c53-17bc-460f-a0bc-ee48b4c9682d,racket.horse,available,26.08,26.08,medium,low,6,spaceship,,,28/09/2026 14:13
3ff999ae-7b43-4517-a0c3-d0cde5863db8,orders.horse,available,32.49,32.49,high,low,6,namesilo,,,18/09/2026 14:04
db12d56f-a209-44de-aa47-06880f77ca1c,rec.horse,premium,512,29.5,high,low,3,namesilo,,,01/10/2026 17:05
0e476707-de34-4b2b-ab11-b0a0d6605ba3,ashur.horse,available,32.49,32.49,medium,low,5,namesilo,,,20/09/2026 13:50
462fe987-3328-4d06-9040-8556c16bfae2,trace.horse,available,32.49,32.49,high,medium,5,namesilo,,,29/09/2026 23:02
35fb415a-05a6-4e7c-bc1c-b77bbc61b331,procurement.horse,available,26.08,26.08,high,low,11,spaceship,,,28/09/2026 08:19
938424f1-3841-4f68-8cfd-ade438d05be5,prohibition.horse,available,26.97,26.97,medium,low,11,dynadot,,,29/09/2026 15:19
8788c47f-b8ce-474b-9351-3eed46fcd05d,clunk.horse,available,32.49,32.49,medium,low,5,namesilo,,,11/09/2026 15:10
f6a5fc71-98aa-4f44-abd9-0a5b7ac36382,willard.horse,available,32.49,32.49,medium,low,7,namesilo,,,25/09/2026 05:33
2bb0a741-0b3a-49cb-8a91-ff223d7704eb,wineberry.horse,available,32.49,32.49,medium,low,9,namesilo,,,20/09/2026 05:57
2d23a2b0-d61e-40b2-a2ca-c43b76b056d7,writes.horse,available,46.99,46.99,medium,low,6,name.com,,,17/09/2026 14:27
92105c52-c0b6-41b9-b61d-08f28ddf1e81,endow.horse,available,32.49,32.49,high,low,5,namesilo,,,24/09/2026 23:37
1ef614bf-cb5d-4ec5-a281-ebdb534f467c,mcm.horse,available,32.49,32.49,high,medium,3,namesilo,,,02/10/2026 02:26
38586dd8-0dd4-49cb-8542-16d7c22a39e7,fares.horse,available,32.49,32.49,medium,low,5,namesilo,,,01/10/2026 16:50
2dad9ad8-85df-449a-ad5e-3afd738c2d37,mall.horse,premium,41.6,26.08,high,low,4,spaceship,,,30/09/2026 03:46
fc2b57c4-d5c0-44ec-a841-fd4c7739f668,height.horse,available,33.98,43.98,high,low,6,namecheap,,,25/09/2026 19:39
8c2528b8-b6f4-4088-8a54-2ae7a64c7db5,northbound.horse,available,33.98,43.98,high,low,10,namecheap,,,03/09/2026 21:29
66578971-45b2-44c3-aea6-f7fd1359150b,bellis.horse,available,32.49,32.49,high,low,6,namesilo,,,23/09/2026 06:15
c6132a58-8d5e-4df8-9a9f-1c7caddbbdd0,nettle.horse,available,32.49,32.49,high,low,6,namesilo,,,24/09/2026 22:02
4bc70524-3fb8-4f09-a48a-df24fc12d21b,warranty.horse,available,26.97,26.97,high,low,8,dynadot,,,29/09/2026 21:39
1728a1b9-d125-4dfd-91a9-96e0d2a7681a,cured.horse,available,32.49,32.49,high,low,5,namesilo,,,13/08/2026 01:35
02afb596-9b83-45bc-9632-448b576b3f7a,bowing.horse,available,32.49,32.49,high,medium,6,namesilo,,,10/08/2026 23:25
3da48db2-d83f-4754-b0d0-74e029a0fba4,bated.horse,available,32.49,32.49,medium,low,5,namesilo,,,09/08/2026 00:22
4bfb0433-9c19-46a1-8b2e-361997b892ae,parkway.horse,available,26.08,26.08,medium,low,7,spaceship,,,30/09/2026 10:48
e4dea757-3099-40a4-b941-f65ee0fd289c,converting.horse,available,32.49,32.49,medium,low,10,namesilo,,,29/09/2026 23:06
d1020955-c81f-4dfe-81b1-2845c3fc27cc,quilted.horse,available,33.98,43.98,medium,low,7,namecheap,,,09/09/2026 08:58
c52f3530-4234-4269-b3f5-8d77eaff8dbe,towel.horse,available,32.49,32.49,high,low,5,namesilo,,,28/09/2026 03:13
7503e0db-c705-4b30-8b9f-0274ea0af50f,azide.horse,available,32.49,32.49,medium,low,5,namesilo,,,21/09/2026 11:12
2a508b95-f022-4bd3-b50a-24435926ad30,autotype.horse,available,32.49,32.49,medium,low,8,namesilo,,,21/09/2026 08:17
a14a5aef-e7aa-4d66-a3c4-dfedcb51adc0,righteousness.horse,available,33.98,43.98,medium,low,13,namecheap,,,30/09/2026 06:14
07b2e045-b19b-4df0-bfde-596a3984b21f,beetling.horse,available,32.49,32.49,medium,low,8,namesilo,,,09/08/2026 08:22
825b205a-4a78-4f7c-8c15-45befcffe1c3,downcast.horse,available,32.49,32.49,medium,low,8,namesilo,,,14/08/2026 17:33
0d0d25f1-948b-46a7-812f-d552b74bf450,mbe.horse,available,32.49,32.49,high,low,3,namesilo,,,28/09/2026 22:27
49e918df-6d10-4dc4-baca-e1e86016b430,murders.horse,available,33.98,43.98,low,low,7,namecheap,,,25/09/2026 21:34
efdbcc04-9e3b-4685-8d11-f1e02ac4e9a4,archaic.horse,available,32.49,32.49,high,low,7,namesilo,,,
4151281a-e560-4568-b808-905581f128ff,hirsute.horse,available,32.49,32.49,high,low,7,namesilo,,,20/08/2026 22:11
6ae37a33-7d35-4f69-9ad0-dd74dfc4a5aa,starkey.horse,available,26.08,26.08,high,low,7,spaceship,,,01/10/2026 21:32
72fa096e-fe40-4cae-823d-5f88798f0f55,rubidium.horse,available,33.98,43.98,medium,low,8,namecheap,,,20/09/2026 22:58
af64f33e-0ef0-46a6-bb2b-ef9444a2be78,hamas.horse,available,32.49,32.49,medium,low,5,namesilo,,,28/09/2026 09:59
ef551aed-96dd-46b5-bc8a-8a21a1587f02,degage.horse,available,32.49,32.49,medium,low,6,namesilo,,,13/08/2026 23:57
0fed9aff-8975-460b-9ece-7670731a5264,exhausted.horse,available,32.49,32.49,medium,low,9,namesilo,,,14/08/2026 14:43
d4af7280-47f9-4290-a86a-a5cb45f4dc32,virtue.horse,available,32.49,32.49,high,low,6,namesilo,,,28/09/2026 10:22
71a0b157-3050-4442-9238-6a0b21fa19cc,skinner.horse,available,32.49,32.49,high,low,7,namesilo,,,21/09/2026 11:52
dc8318e6-5770-44ba-ba2a-3a1c8a020194,planter.horse,available,26.97,26.97,high,low,7,dynadot,,,30/09/2026 18:21
df08ef46-e49e-4c0e-ad2c-0eab6c2553bc,rodeo.horse,premium,242,29.5,high,low,5,namesilo,,,28/09/2026 06:42
1b4dc7aa-9f8d-48b0-b8b0-bea519d187fe,saccade.horse,available,32.49,32.49,medium,low,7,namesilo,,,22/08/2026 12:47
9bb68418-028e-4607-af39-1860870842ca,unhappiness.horse,available,43.98,,medium,low,11,namecheap,,,
a02bf32b-1573-46bf-85d9-af852c0c2e17,gives.horse,available,33.98,43.98,medium,low,5,namecheap,,,18/09/2026 13:54
083939f4-0d93-4697-a0c5-4fa87619973f,banquette.horse,available,32.49,32.49,medium,low,9,namesilo,,,22/09/2026 03:08
efaad56b-bc95-477f-b4bf-bbbc2bd386f6,phenomenon.horse,available,32.49,32.49,high,low,10,namesilo,,,28/09/2026 10:43
6b5c17bd-d253-4bf0-a27f-2131a2276149,pretext.horse,available,26.08,26.08,high,low,7,spaceship,,,30/09/2026 01:48
3b29356b-1ba7-4c73-b723-68b06ea224f4,polyester.horse,available,32.49,32.49,high,low,9,namesilo,,,30/09/2026 07:07
fa6a1128-b608-4927-a88a-f8b8980c70bb,fremantle.horse,available,26.26,26.26,medium,low,9,porkbun,,,29/09/2026 23:48
7562c2f6-30ca-426c-9514-be5d9f703050,interpreted.horse,available,26.08,26.08,high,low,11,spaceship,,,30/09/2026 06:10
b4027a07-59ba-43b9-afb6-1c990b1237c7,potter.horse,available,25.2,25.2,high,low,6,cloudflare,,,27/09/2026 12:23
ddafef3d-4aa2-4531-b642-bbd737dfbf43,accredited.horse,available,32.49,32.49,high,low,10,namesilo,,,21/09/2026 15:54
12f64352-7eb7-40be-abf8-a0f5f548f0f2,tissues.horse,available,32.49,32.49,medium,low,7,namesilo,,,29/09/2026 10:39
f1319b2d-e85c-4575-80b2-540934d05c71,schreiber.horse,available,26.26,26.26,high,low,9,porkbun,,,29/09/2026 15:36
32fa3f7d-df1c-4620-9b1b-5f77d573d5e0,prelude.horse,available,26.08,26.08,high,low,7,spaceship,,,30/09/2026 10:52
2fe28ad4-f8ae-4f48-b627-d273d7205e7f,glasgow.horse,premium,87.86,27.82,high,low,7,porkbun,,,29/09/2026 12:50
387de751-6d35-42c9-a00d-d2f5addd543b,amylum.horse,available,32.49,32.49,medium,low,6,namesilo,,,19/09/2026 00:32
b8bfc1da-2c25-41de-a00c-f7c0eb5c35a5,iridium.horse,available,32.49,32.49,high,low,7,namesilo,,,20/09/2026 23:49
4ef0eb52-ca37-4582-9c8a-65fef10f65de,abusive.horse,available,32.49,32.49,medium,low,7,namesilo,,,
961ea843-91e0-48b8-8ad7-6b9575fc04af,sufism.horse,available,26.08,26.08,high,low,6,spaceship,,,01/10/2026 21:54
6188ca2d-4896-4054-86ff-bdc90ca000c9,landed.horse,available,32.49,32.49,high,low,6,namesilo,,,22/08/2026 19:22
92b30ab6-18b7-4ad0-9e40-65b7880e26f8,solitude.horse,available,26.08,26.08,high,low,8,spaceship,,,29/09/2026 07:54
bcefc230-54d3-463f-89df-a1b92e67ec4d,ariadne.horse,available,46.99,46.99,high,low,7,name.com,,,20/09/2026 05:09
3c44ceb9-a440-48e0-a9b6-cc272b5b599a,hertzian.horse,available,32.49,32.49,medium,low,8,namesilo,,,21/08/2026 07:14
170a8078-2700-4869-9d1e-e8c83c719385,wednesday.horse,available,32.49,32.49,high,low,9,namesilo,,,13/09/2026 09:32
cce86eb9-48b3-42a6-8751-df9430274395,quotes.horse,available,33.98,43.98,high,low,6,namecheap,,,18/09/2026 21:27
85920459-4b8e-43bd-a141-306c6fc80761,discreetly.horse,available,32.49,32.49,medium,low,10,namesilo,,,14/09/2026 13:04
64e85d0a-2f86-4e81-993a-47c54cfa274f,power.horse,premium,260,31.2,high,medium,5,namecheap,,,
fd542f6a-16ea-4f3f-99d4-01178d5876e6,mantrap.horse,available,32.49,32.49,medium,low,7,namesilo,,,22/08/2026 16:50
202daed0-b4d7-4a18-9ea3-6332b009e1e8,bandy.horse,available,32.49,32.49,medium,low,5,namesilo,,,08/08/2026 11:45
289c7203-714d-4e44-a564-95df6f169576,tricked.horse,available,32.49,32.49,medium,low,7,namesilo,,,29/09/2026 23:35
b5dc36ce-4720-471d-b1ca-447d560c699d,backer.horse,available,32.49,32.49,high,low,6,namesilo,,,21/09/2026 15:26
ecf09771-de92-4655-a38d-476b6448274f,disks.horse,available,33.98,43.98,medium,low,5,namecheap,,,18/09/2026 11:49
a38a344e-b2de-49d5-8ad2-6df8886db939,bluster.horse,available,32.49,32.49,medium,low,7,namesilo,,,11/08/2026 01:07
8fa603e2-cfe4-4ee4-86d6-ea21eae4be38,journalistic.horse,available,32.49,32.49,medium,low,12,namesilo,,,02/10/2026 02:11
736d93b1-e416-4be4-96ea-81ed415cc76d,partitioned.horse,available,32.49,32.49,medium,low,11,namesilo,,,18/09/2026 12:14
46968501-bb34-401a-b070-b83bc84feeeb,dependency.horse,available,32.49,32.49,medium,low,10,namesilo,,,17/09/2026 06:56
eb714039-bc59-42bd-a675-1f32307a6589,virago.horse,available,32.49,32.49,medium,low,6,namesilo,,,18/09/2026 16:19
22428c60-556b-4095-98f3-c193254271a6,seagull.horse,available,26.08,26.08,high,low,7,spaceship,,,30/09/2026 10:42
095b1dac-07ec-4339-8c92-a6a81f8c0ca0,mem.horse,premium,414.2,26.08,high,low,3,spaceship,,,01/10/2026 20:31
f5b6fd68-a3b7-4d8f-a54f-487813081830,thomas.horse,premium,104,32.5,high,medium,6,namecheap,,,25/09/2026 04:57
af64f03d-868a-4a94-b4b9-06bf18075ae9,representing.horse,available,26.08,26.08,medium,low,12,spaceship,,,28/09/2026 11:27
fef2a7ad-2abb-4f29-ac2d-e60ffae5f887,squinch.horse,available,33.98,43.98,medium,low,7,namecheap,,,10/09/2026 17:51
a436054e-4208-4c47-ba4a-95afbe631048,autolytic.horse,available,32.49,32.49,medium,low,9,namesilo,,,07/08/2026 20:42
a70c705c-880e-4b09-a7de-198f47ee1f2a,amylaceous.horse,available,32.49,32.49,medium,low,10,namesilo,,,
feb711d0-84ed-4b72-a998-3359bb3f2b3c,longways.horse,available,32.49,32.49,medium,low,8,namesilo,,,22/08/2026 23:44
15fdec38-3c1e-476c-9c66-a6a88e8f9be5,formalise.horse,available,26.97,26.97,high,low,9,dynadot,,,30/09/2026 19:59
82777c5b-a576-412d-88b3-d091dfacb8d3,tippy.horse,available,32.49,32.49,medium,low,5,namesilo,,,13/08/2026 04:55
445b7cd7-7e8b-4b90-a974-c58330f73893,okinawa.horse,available,32.49,32.49,high,low,7,namesilo,,,30/09/2026 10:39
cb477d2c-a88b-46b4-b829-f06c03ac411b,towering.horse,available,33.98,43.98,high,low,8,namecheap,,,11/09/2026 18:24
29f6d619-721c-48ca-b8d3-bf598356291e,urged.horse,available,32.49,32.49,medium,low,5,namesilo,,,19/09/2026 03:59
21e8af55-b9ca-4452-9c75-336c43ec7647,wilhelmina.horse,available,32.49,32.49,medium,low,10,namesilo,,,30/09/2026 04:45
47eb95f8-ecce-42f8-98c1-cf06f15a6165,allogeneic.horse,available,32.49,32.49,medium,low,10,namesilo,,,
e6b21ccc-8f73-41d7-85df-3272c335d143,broiled.horse,available,32.49,32.49,medium,low,7,namesilo,,,11/08/2026 05:19
f5e4ac39-13ef-4adf-8328-0e3f618b559c,astatine.horse,available,32.49,32.49,medium,low,8,namesilo,,,20/09/2026 16:55
88d7038f-f9ff-4450-a00c-ddecad726afb,patronage.horse,available,32.49,32.49,high,low,9,namesilo,,,21/09/2026 15:39
f4666271-7e99-4758-8d79-507d7207488e,perseverance.horse,available,32.49,32.49,high,low,12,namesilo,,,02/10/2026 01:31
db88ecd6-c6ab-46e0-97a9-46540b0e8a9a,split.horse,available,33.98,43.98,high,low,5,namecheap,,,24/09/2026 11:30
0c7f4ccd-73de-47c5-a7f1-84d5014eac4a,handily.horse,available,32.49,32.49,medium,low,7,namesilo,,,14/09/2026 08:35
d824b051-71de-4599-ae2d-32dc7428cac9,afa.horse,available,25.2,25.2,high,low,3,cloudflare,,,01/10/2026 07:24
5880fdf0-b67b-4d5f-8332-c10f3475ad7b,trigger.horse,available,32.49,32.49,high,low,7,namesilo,,,25/09/2026 06:46
927da5e9-b562-44ad-9186-5ef970a45fea,varsity.horse,premium,52,32.5,high,medium,7,namecheap,,,30/09/2026 01:38
7c1f2f9d-db62-4b37-9abf-ff6477434f23,yalta.horse,available,33.98,43.98,medium,low,5,namecheap,,,30/09/2026 19:08
a6f2b433-4cc1-46eb-97f2-9b5d95d705cc,ignited.horse,available,32.49,32.49,high,low,7,namesilo,,,17/08/2026 09:20
62097fca-bf1a-428e-938c-b96d2c2fa1eb,adventures.horse,available,32.49,32.49,high,low,10,namesilo,,,18/09/2026 17:22
94b93135-372c-4917-9ce2-4c84a1481890,flanges.horse,available,32.49,32.49,low,low,7,namesilo,,,30/09/2026 15:50
4533eea4-ba44-417f-8143-e459a230173e,rustling.horse,available,32.49,32.49,high,low,8,namesilo,,,03/09/2026 11:20
3fc09071-c4b3-4e33-a9dd-e3a3b5a0425b,hormones.horse,available,26.97,26.97,medium,low,8,dynadot,,,28/09/2026 23:02
9ef9dcf7-386e-40f8-a6fc-6664353d4b11,homicide.horse,available,32.49,32.49,medium,low,8,namesilo,,,25/09/2026 07:26
24ac624c-81b2-4eb4-a4fe-0cc2b925eb84,baroque.horse,available,32.49,32.49,medium,low,7,namesilo,,,08/08/2026 20:26
6ad8f177-177a-4c48-857b-eaea24129073,thou.horse,available,32.49,32.49,medium,low,4,namesilo,,,21/09/2026 11:11
87416a08-7fb5-41a3-881e-4045c298d145,perchance.horse,available,32.49,32.49,medium,low,9,namesilo,,,14/09/2026 02:12
1eef48a2-790c-44b5-a83f-078affbd2aac,mandelbrot.horse,available,32.49,32.49,medium,low,10,namesilo,,,23/09/2026 08:35
79a4da69-916f-4dc9-a402-bc2b6428bcc0,isc.horse,available,33.98,43.98,high,low,3,namecheap,,,02/10/2026 01:14
72fe3183-f905-4e33-9ffa-f7fb526965d4,detached.horse,available,33.98,43.98,medium,low,8,namecheap,,,24/09/2026 07:07
687def7d-ccf4-446d-b2a8-64039afaf2c8,nostra.horse,available,26.26,26.26,medium,low,6,porkbun,,,02/10/2026 02:54
9ad5f527-c6ae-4f80-988e-94b68ddebcea,safety.horse,premium,2600,32.5,high,low,6,namecheap,,,08/09/2026 08:04
4dacd8b9-d955-44a2-bc20-47824559695e,heartily.horse,available,32.49,32.49,high,low,8,namesilo,,,14/09/2026 08:41
62a34c3c-3344-4a21-b287-643dc51f1942,sandwich.horse,available,32.49,32.49,high,low,8,namesilo,,,30/09/2026 10:33
493e47cf-d4ba-45fb-a351-03ace02d7486,deterrent.horse,available,32.49,32.49,medium,low,9,namesilo,,,14/08/2026 04:48
56bc5696-e2c3-4a02-ad5e-fe1ed8ebb1bc,exile.horse,available,33.98,43.98,high,low,5,namecheap,,,28/09/2026 18:57
17d32c48-d107-46af-9c27-f42e1c67c8b1,gide.horse,available,32.49,32.49,high,low,4,namesilo,,,19/09/2026 04:13
bca0388b-7a75-4c73-9500-d3a1b95ff40b,ian.horse,premium,47.2,29.5,high,low,3,namesilo,,,25/09/2026 13:39
3cd3e103-37cb-45d9-bf4c-081a48c04c8e,cripple.horse,available,33.98,43.98,medium,low,7,namecheap,,,22/08/2026 18:58
fcd79683-9780-44d1-9e56-6aeb20e2c7b3,bruxelles.horse,available,32.49,32.49,high,low,9,namesilo,,,23/09/2026 04:57
fb0196dd-7524-477c-a7e1-9f60a6e5e2b4,emile.horse,available,26.08,26.08,medium,low,5,spaceship,,,27/09/2026 13:23
be6cc989-c794-45e7-a845-5221e841f6d3,informers.horse,available,32.49,32.49,medium,low,9,namesilo,,,21/09/2026 09:19
2de05020-40b6-47df-8f3a-29db1896253a,bootless.horse,available,32.49,32.49,medium,low,8,namesilo,,,10/08/2026 19:37
cfd09f2f-e35b-4987-8cb2-1bd4ac1108bc,snickers.horse,available,33.98,43.98,high,low,8,namecheap,,,18/09/2026 04:34
dc72d71e-6815-4e92-a208-aafd3bb74f6d,slapdash.horse,available,32.49,32.49,medium,low,8,namesilo,,,10/09/2026 09:57
74b62ab7-8777-42d0-9193-8c1627bb1068,sabah.horse,available,26.26,26.26,medium,low,5,porkbun,,,28/09/2026 20:01
6724e042-c638-4436-8040-e73d74b3ffa1,lutzen.horse,available,32.49,32.49,medium,low,6,namesilo,,,22/09/2026 15:24
83028e62-ebe7-411c-9bfd-8f22ce9e579e,cruel.horse,available,32.49,32.49,high,low,5,namesilo,,,22/09/2026 17:21
0ff5a660-7562-495c-92c6-ebc60b6f6e36,crates.horse,available,25.2,25.2,medium,low,6,cloudflare,,,01/10/2026 17:58
29ff2ffd-0026-4826-a8f7-dcf5f0ec0a38,parkin.horse,available,32.49,32.49,medium,low,7,namesilo,,,17/09/2026 01:13
2c9d2595-bc3e-44e1-bd16-83949d00b742,cas.horse,available,26.08,26.08,high,low,3,spaceship,,,27/09/2026 23:14
3d6bebb3-c8cf-40d8-b4cf-6961adaa52de,accessing.horse,available,32.49,32.49,medium,low,9,namesilo,,,30/09/2026 23:12
1872237e-9728-4ab1-b7b6-ccde3c30b6d8,curious.horse,available,32.49,32.49,high,low,7,namesilo,,,24/09/2026 03:57
b773f587-015b-4be7-82a2-eaacb66538a7,unemployment.horse,available,32.49,32.49,high,low,12,namesilo,,,
1f002701-579b-4c9a-8b3e-6defc39f92c1,tack.horse,premium,242,29.5,high,low,4,namesilo,,,30/09/2026 09:41
62578b06-f8fe-4b18-86f7-3591a4bc18ea,flex.horse,available,32.49,32.49,high,medium,4,namesilo,,,23/09/2026 07:41
73e2e46a-7ec2-4fbe-8d1a-1e7a51b073ee,elisa.horse,available,32.49,32.49,high,low,5,namesilo,,,28/09/2026 09:35
1691a2b5-8713-406e-b5f4-fda5647ad5ba,uncounted.horse,available,32.49,32.49,medium,low,9,namesilo,,,13/08/2026 03:44
b36141aa-2778-4b1d-acf0-9a6d00ef4ee5,abides.horse,available,32.49,32.49,medium,low,6,namesilo,,,18/09/2026 17:00
464828d7-7dd9-4139-a96b-c3e147dffd5e,leaping.horse,available,25.2,25.2,high,low,7,cloudflare,,,30/09/2026 17:53
822c7d83-5460-4b97-a3d4-68bf3078392c,gregory.horse,premium,47.2,29.5,high,low,7,namesilo,,,19/09/2026 06:00
ef5828f6-77fc-488f-9ada-7b17b5df5e89,speedily.horse,available,33.98,43.98,medium,low,8,namecheap,,,13/09/2026 20:19
ec0142d9-770f-43d6-8062-4535918bc667,atrocities.horse,available,25.2,25.2,low,low,10,cloudflare,,,30/09/2026 16:10
6a536942-cd68-4c42-a13c-1aecde73ac4b,pervious.horse,available,33.98,43.98,medium,low,8,namecheap,,,08/09/2026 18:09
07dfe7c8-2806-46ca-b6fc-4b68e11d1161,pettily.horse,available,32.49,32.49,low,low,7,namesilo,,,15/09/2026 19:44
865b93ab-788d-48ff-9e9a-5fe0ac9174e5,diclinous.horse,available,32.49,32.49,low,low,9,namesilo,,,14/08/2026 06:34
cc9ffa0d-67e0-4075-9406-653bb2838b72,mascot.horse,available,26.08,26.08,high,low,6,spaceship,,,30/09/2026 02:14
2a44e94d-ed71-4ab4-8c36-0a87e7f4d412,ankles.horse,available,26.08,26.08,medium,low,6,spaceship,,,30/09/2026 00:20
48789b7d-f005-4768-b075-c9a94fd26ad8,ulm.horse,premium,47.2,29.5,medium,low,3,namesilo,,,29/09/2026 09:33
fd2999c2-9478-41fe-998b-eea9de9fb3c2,stork.horse,available,32.49,32.49,high,low,5,namesilo,,,01/10/2026 21:53
86a30ece-35dd-4b7d-915b-3c399a7ccfad,them.horse,available,33.98,43.98,high,low,4,namecheap,,,30/09/2026 22:25
f5173331-9855-4b45-9eb9-c385b55a1d7b,actinon.horse,available,32.49,32.49,medium,low,7,namesilo,,,
39fca048-7be7-4885-b0cb-f9426c17dcff,academical.horse,available,25.2,25.2,high,low,10,cloudflare,,,01/10/2026 22:17
b1354a9f-8aca-45da-8bdf-e728a1646149,bestseller.horse,available,32.49,32.49,high,low,10,namesilo,,,23/09/2026 10:31
b0c47861-0a0d-41f0-9d68-543bc9cc8440,dolomite.horse,available,32.49,32.49,medium,low,8,namesilo,,,23/09/2026 23:01
ac425674-5fc9-4b27-bc1c-31537c21fe7a,moss.horse,available,26.08,26.08,high,medium,4,spaceship,,,28/09/2026 14:55
a0463708-1790-4817-92c1-80fe12f186c9,icebound.horse,available,32.49,32.49,medium,low,8,namesilo,,,21/08/2026 17:43
95e829d2-de83-44d1-b73c-f265e6ad3b2e,sew.horse,premium,437.19,27.82,high,low,3,porkbun,,,29/09/2026 14:00
ab3b5a7b-d9a4-4785-8b58-8ae94220a4c6,fetal.horse,available,32.49,32.49,high,low,5,namesilo,,,18/08/2026 02:16
e18dc8f7-62c9-43be-b717-e945ccc8a960,hauling.horse,available,32.49,32.49,high,low,7,namesilo,,,30/09/2026 01:50
f7f5b717-f525-4669-b274-7be3f47bf47c,bossy.horse,available,33.98,43.98,medium,low,5,namecheap,,,07/08/2026 19:35
56b29d55-c0e3-4119-b863-bcbf37f57c8f,battledore.horse,available,32.49,32.49,medium,low,10,namesilo,,,21/09/2026 17:16
e7016cc1-f982-40f8-ae5a-c410f5e36b2a,noel.horse,available,33.98,43.98,high,low,4,namecheap,,,24/09/2026 14:54
46962008-9740-4413-997c-f3a1fa0446a6,cuthbert.horse,available,25.2,25.2,medium,low,8,cloudflare,,,29/09/2026 03:58
df829ffc-0161-46d9-beed-94efc08aedaa,familial.horse,available,32.49,32.49,high,low,8,namesilo,,,17/08/2026 21:41
bc47931a-2192-4ee3-a49b-3a38db5772b3,maximizing.horse,available,33.98,43.98,high,low,10,namecheap,,,24/08/2026 17:56
8bc52012-abb6-4b1e-a353-5e108d976f10,ronan.horse,available,32.49,32.49,high,low,5,namesilo,,,30/09/2026 13:22
8ab76c1c-c0ae-4174-b10a-70d76cee9750,galway.horse,available,32.49,32.49,high,low,6,namesilo,,,28/09/2026 09:51
e9a93c37-cd21-4f7e-9ae5-f6196a4df051,flowered.horse,available,32.49,32.49,high,low,8,namesilo,,,18/08/2026 08:56
1b914b59-354e-4490-9163-999dd957a93f,misplaced.horse,available,32.49,32.49,medium,low,9,namesilo,,,25/08/2026 01:32
c49e8717-cdca-4415-a995-f3d35215d159,monegasque.horse,available,32.49,32.49,medium,low,10,namesilo,,,25/08/2026 04:03
ef9f880a-4acc-4d51-9182-ffa671e82acd,firm.horse,available,32.49,32.49,high,low,4,namesilo,,,30/09/2026 07:49
d2cff6b2-e52a-4a9b-8e80-5a522f2e9830,werewolf.horse,available,25.2,25.2,high,low,8,cloudflare,,,01/10/2026 20:23
65be8fba-af62-4fcd-bd7e-343201bbe14f,annex.horse,available,33.98,43.98,medium,low,5,namecheap,,,28/09/2026 21:27
4bf79c7d-76c0-4d20-89a4-d014ec2433ec,arrack.horse,available,32.49,32.49,medium,low,6,namesilo,,,19/09/2026 23:47
db053405-99fa-40c5-a704-48af71b0a4c7,percival.horse,available,26.08,26.08,high,low,8,spaceship,,,28/09/2026 16:27
4e932e3a-6925-4ed4-9efe-4e3f3dccc599,forsyth.horse,premium,83,26.08,high,low,7,spaceship,,,27/09/2026 21:08
a9e57bf3-4805-440c-b079-0c40c4df1512,oss.horse,premium,44,26.97,high,low,3,dynadot,,,28/09/2026 21:16
9e64d309-d7e2-44a2-84c6-3db444bd1c7e,market.horse,premium,512,29.5,high,medium,6,namesilo,,,19/09/2026 13:41
e2cdb49e-3dd2-4dde-aa6a-a75dcfe104be,salamanca.horse,available,26.08,26.08,medium,low,9,spaceship,,,28/09/2026 16:27
9817b764-8023-4c97-b7d3-3d384b7b19c2,carew.horse,available,26.08,26.08,medium,low,5,spaceship,,,30/09/2026 00:59
79ef2163-6d54-4030-8b79-50aa0dfc0697,donkeys.horse,available,32.49,32.49,medium,low,7,namesilo,,,20/09/2026 00:20
d016c08b-9a0c-4da6-8264-b0a678358576,spark.horse,available,33.98,43.98,high,medium,5,namecheap,,,20/09/2026 01:07
c42914f7-ca37-4266-bd85-b918e6e8ff0d,anemometry.horse,available,32.49,32.49,medium,low,10,namesilo,,,19/09/2026 05:18
0d0502aa-0cf3-49a9-a037-17dd03fe23eb,ware.horse,premium,41.6,26.08,high,low,4,spaceship,,,29/09/2026 19:40
b11ace31-a682-4cef-8c49-686ab9c109d1,jelled.horse,available,33.98,43.98,medium,low,6,namecheap,,,12/08/2026 21:27
9a3a0ed1-263d-4e96-aa63-e9a13f691e2a,barbell.horse,available,32.49,32.49,high,low,7,namesilo,,,22/09/2026 04:49
e4810456-9c1b-46b5-997c-d56b1d87a3d9,absence.horse,available,25.2,25.2,medium,low,7,cloudflare,,,28/09/2026 17:04
ad0f1a45-c010-44fb-89d7-947e39b049ab,binding.horse,available,33.98,43.98,high,low,7,namecheap,,,22/09/2026 20:51
7c43f3bc-e96e-41b9-a9bc-3e18ba22a97f,stalemated.horse,available,46.99,46.99,low,low,10,name.com,,,13/08/2026 19:29
17db675f-7d73-49d7-b883-fec96fcd694b,guerrero.horse,available,26.08,26.08,high,low,8,spaceship,,,28/09/2026 04:07
5b07f669-e8f1-4e53-beec-c0dc54f4ae0b,trafalgar.horse,available,32.49,32.49,medium,low,9,namesilo,,,22/09/2026 16:10
9f6358c4-4fa6-4d68-8268-1d5e2a27f04f,romansh.horse,available,33.98,43.98,high,medium,7,namecheap,,,09/09/2026 18:31
616d71c5-6217-4f64-8ba4-7aab6b7a46ab,strategically.horse,available,26.08,26.08,medium,low,13,spaceship,,,01/10/2026 06:13
fc6bff3f-3135-444c-b26b-2e68ed7294b7,spine.horse,available,26.26,26.26,high,low,5,porkbun,,,28/09/2026 17:17
c07b0049-011c-4f5d-9950-f32d2d43a71d,grenoble.horse,available,26.08,26.08,medium,low,8,spaceship,,,28/09/2026 19:22
27532287-4b18-46d7-8ab1-36adb75d7bbe,undone.horse,available,32.49,32.49,medium,low,6,namesilo,,,11/09/2026 01:55
ead990e7-bd9b-4f7b-b5c1-55c2c12c9b4a,plaza.horse,available,25.2,25.2,high,low,5,cloudflare,,,28/09/2026 06:36
550cf61c-cc97-4627-ad59-f14976bbec97,colman.horse,available,26.08,26.08,medium,low,6,spaceship,,,29/09/2026 04:11
94371840-9881-415d-bc27-32613b37d8c7,conservatory.horse,available,32.49,32.49,high,low,12,namesilo,,,29/09/2026 03:18
d436a353-6f1f-4f98-ae61-2505965b00d6,puckish.horse,available,32.49,32.49,high,low,7,namesilo,,,21/08/2026 22:29
83392004-20f5-4eac-bf31-dc2227472673,federalism.horse,available,26.08,26.08,high,low,10,spaceship,,,29/09/2026 12:14
60608f58-49f4-4333-aadb-3f822c983ba8,indonesian.horse,available,32.49,32.49,high,low,10,namesilo,,,22/08/2026 03:20
bb2bfbc1-328a-4e3b-b1fd-6b2008628080,angle.horse,available,33.98,43.98,high,low,5,namecheap,,,25/09/2026 13:22
64bd3add-9d5e-46fe-8014-bd05bf81c31e,matching.horse,available,32.49,32.49,high,low,8,namesilo,,,12/08/2026 13:23
f5fc638b-c03d-47cd-9ec3-cea5505e4cad,holistic.horse,available,32.49,32.49,high,low,8,namesilo,,,21/08/2026 10:30
eb082b63-94aa-43a9-89f8-83a0c010712f,gawky.horse,available,32.49,32.49,medium,low,5,namesilo,,,12/08/2026 13:06
51a02d40-7c9d-494a-903c-daeb0ea3bf5a,magnet.horse,available,32.49,32.49,high,low,6,namesilo,,,21/09/2026 02:14
d1b593db-ce7b-4e18-8132-691800dd7715,funk.horse,available,32.49,32.49,medium,low,4,namesilo,,,28/09/2026 13:33
18ce55d0-801f-415b-ba2c-81df7fac0dbd,polyhedral.horse,available,32.49,32.49,medium,low,10,namesilo,,,08/09/2026 23:24
f8e26408-e05f-4112-8c88-6a10ca5f3dc8,lucius.horse,available,32.49,32.49,high,low,6,namesilo,,,25/09/2026 15:11
95456f2a-d0e0-4935-8524-fa010f15c60a,thracian.horse,available,32.49,32.49,medium,low,8,namesilo,,,11/09/2026 14:10
217c1672-531f-4067-b52e-8ea31a4a95cb,fairy.horse,available,32.49,32.49,high,low,5,namesilo,,,27/09/2026 09:04
fe17fe5f-10d9-40f7-84dc-6f552fe5b44a,technol.horse,available,32.49,32.49,medium,low,7,namesilo,,,30/09/2026 06:44
6d68e58a-038a-42fe-9e4c-be6d54092110,shining.horse,available,33.98,43.98,high,low,7,namecheap,,,23/09/2026 11:49
57f4332c-0ff3-4d5b-8298-212e231acd7e,oleg.horse,available,26.08,26.08,high,low,4,spaceship,,,29/09/2026 17:51
1195b463-97a0-4d68-9961-5a42f4764a2a,arccos.horse,available,32.49,32.49,medium,low,6,namesilo,,,20/09/2026 01:15
a4e6f6c7-42e1-4515-aa87-e35c75e22866,considerable.horse,available,26.08,26.08,high,low,12,spaceship,,,28/09/2026 07:04
d28b2bfa-844f-4c3b-af7a-b2f191425f72,transitions.horse,available,32.49,32.49,medium,low,11,namesilo,,,
fb7324c7-68a4-4b6c-9e68-58765dfbbe53,unfortunately.horse,available,26.97,26.97,medium,low,13,dynadot,,,01/10/2026 06:06
1bc071a4-e0ef-47c6-81fa-171d5c29cd37,environments.horse,available,26.08,26.08,medium,low,12,spaceship,,,01/10/2026 16:16
f613ca40-0a3b-4419-b8fa-fde5a183a3fb,atomistic.horse,available,32.49,32.49,low,low,9,namesilo,,,07/08/2026 13:42
ce53c7bf-f855-4e45-8583-98816bc22f51,arrange.horse,available,32.49,32.49,high,low,7,namesilo,,,25/09/2026 22:15
2a241e80-8dd3-4210-8ab6-b5afe6bf3503,dehydrated.horse,available,32.49,32.49,medium,low,10,namesilo,,,14/08/2026 00:06
5a69fb3e-b5e4-4e50-a8de-3fef177001fa,bret.horse,available,26.26,26.26,medium,low,4,porkbun,,,29/09/2026 03:55
3c5a9776-bec6-4632-b3b2-8aed8707e5cb,moscow.horse,premium,218.86,27.82,high,low,6,porkbun,,,29/09/2026 07:06
5561c81f-4d6e-4a4c-b2e4-c85e9e9bc83d,alcaeus.horse,available,32.49,32.49,medium,low,7,namesilo,,,18/09/2026 03:40
c4a7d36d-6c20-4f22-8244-5dfe8817965d,temerity.horse,available,32.49,32.49,medium,low,8,namesilo,,,21/09/2026 02:48
eed61d71-7f8c-48d3-9a71-3683233dc3e5,profanely.horse,available,32.49,32.49,low,low,9,namesilo,,,15/09/2026 21:40
e0ffa5cb-8763-4228-bd48-88efea3db92a,cubs.horse,available,26.97,26.97,high,medium,4,dynadot,,,29/09/2026 17:24
a4cde488-025c-4d8c-8950-825007e14385,nasser.horse,available,26.08,26.08,high,low,6,spaceship,,,28/09/2026 01:58
2f7fb1af-1b1f-48f9-bc91-c93644690c8f,sourly.horse,available,32.49,32.49,low,low,6,namesilo,,,16/09/2026 05:40
bcaef8d2-df08-4abd-84a1-9550689a0d5c,cyclone.horse,available,26.08,26.08,high,low,7,spaceship,,,30/09/2026 09:19
4fe50293-061b-4473-b3ad-f1f1e58f4b15,recommendation.horse,available,43.98,,high,low,14,namecheap,,,
7692568a-d441-42ed-8678-3e7fdd5d94db,soursop.horse,available,32.49,32.49,high,low,7,namesilo,,,19/09/2026 10:36
e8a2da4a-1ca2-4a4b-be84-931143ad9682,hottest.horse,available,26.08,26.08,medium,low,7,spaceship,,,28/09/2026 13:20
d0adab8f-096a-41f0-84e4-c5ff3b625bc2,narrator.horse,available,32.49,32.49,high,low,8,namesilo,,,27/09/2026 04:49
6e9bbf00-6222-46b3-acf4-b6cd082daa60,major.horse,premium,96,29.5,high,low,5,namesilo,,,25/09/2026 16:14
4c511c63-67cb-4152-83bc-ab28ba5d2303,flexing.horse,available,26.08,26.08,high,low,7,spaceship,,,01/10/2026 22:33
aba7b112-2810-4676-9125-fbb44e28020b,barong.horse,available,32.49,32.49,medium,low,6,namesilo,,,22/09/2026 07:38
17d3052b-a898-4f0a-b942-7753289a21fa,practicing.horse,available,26.08,26.08,high,low,10,spaceship,,,01/10/2026 23:50
707bba8b-3f63-4cf0-88ca-4ddf41880261,quilting.horse,available,32.49,32.49,high,low,8,namesilo,,,30/09/2026 09:05
6b9aaf2d-d807-4ae3-ac3e-34a7738a6054,clover.horse,available,33.98,43.98,high,low,6,namecheap,,,24/09/2026 16:06
9e837d0b-004f-4c08-b1cc-a797575f8a94,muhammadan.horse,available,32.49,32.49,medium,low,10,namesilo,,,25/08/2026 03:21
9465034b-0d84-421e-89e5-394099c4ae6f,dent.horse,available,32.49,32.49,high,low,4,namesilo,,,24/09/2026 21:54
d93cf2ca-eee2-4523-af06-161471b3e3a4,monacan.horse,available,32.49,32.49,medium,low,7,namesilo,,,25/08/2026 04:01
9da41175-cc60-427d-8acc-14be6304be8a,mother.horse,premium,96,29.5,high,low,6,namesilo,,,29/09/2026 19:00
394e3c33-d200-4ee4-b474-dd34d5661e0a,marmoreal.horse,available,32.49,32.49,medium,low,9,namesilo,,,24/08/2026 16:12
63a15098-9dd9-4860-9121-25c05dafe836,nonexistent.horse,available,33.98,43.98,medium,low,12,namecheap,,,01/10/2026 14:01
5d867c6e-c3c5-4ad1-8b83-1bf08d87b82f,immerse.horse,available,33.98,43.98,high,low,7,namecheap,,,10/09/2026 19:49
27d0c752-da6c-4665-a43d-808e85abeab2,obscurely.horse,available,32.49,32.49,medium,low,9,namesilo,,,15/09/2026 17:13
93b31bcf-c224-452f-8f4d-3bff2adc2983,dastard.horse,available,46.99,46.99,medium,low,7,name.com,,,13/08/2026 18:32
c2fd434b-bfda-45c2-ad30-cbaa4b5aece2,cleaners.horse,available,32.49,32.49,high,low,8,namesilo,,,24/09/2026 15:26
7fabc1f0-cff0-4498-82bc-41ce97187ff3,locomote.horse,available,32.49,32.49,medium,low,8,namesilo,,,20/08/2026 15:49
c6bf9e07-80dd-4a29-9c50-286010f243a5,mistress.horse,available,26.08,26.08,high,low,8,spaceship,,,27/09/2026 14:35
5f926b8e-3435-4a0f-baf2-15b9d71641e6,curr.horse,available,26.08,26.08,medium,low,4,spaceship,,,01/10/2026 22:24
abc93fba-c2a0-4b69-a3cd-9372cbb1b845,hoo.horse,available,26.08,26.08,medium,low,3,spaceship,,,01/10/2026 06:01
63cab651-6ec7-42bf-ad8e-7974e70bbd8a,ron.horse,premium,512,29.5,high,low,3,namesilo,,,25/09/2026 00:25
b42ea4e4-1c68-4403-adff-26d233e6a19b,suppose.horse,available,25.2,25.2,high,low,7,cloudflare,,,29/09/2026 11:02
e1008b08-4fdc-42b1-9661-e20312f56e9d,autism.horse,available,32.49,32.49,high,low,6,namesilo,,,21/09/2026 05:28
d415e9ea-d548-4a66-a7b3-96e2af1e18bc,blaise.horse,available,33.98,43.98,medium,low,6,namecheap,,,30/09/2026 13:38
d4afbc1c-2fdc-4fea-9a82-78e3ee97f0f3,hathaway.horse,available,32.49,32.49,high,low,8,namesilo,,,19/09/2026 10:18
7e4a5336-6aef-4d05-9e5f-de28535595cc,womb.horse,available,25.2,25.2,high,low,4,cloudflare,,,28/09/2026 20:42
a2e88d5a-5ec1-4ea9-86c5-6cd47ccd9525,asserted.horse,available,32.49,32.49,medium,low,8,namesilo,,,07/08/2026 05:54
a7aa7262-cf87-45e4-bd62-40738328ccc4,chi.horse,premium,440,26.97,high,low,3,dynadot,,,30/09/2026 09:06
d9614626-1803-4a4c-9e9a-946bb1d83e25,paved.horse,available,32.49,32.49,high,low,5,namesilo,,,08/09/2026 10:53
c6a5fb4a-8e8f-4db0-b2a1-404f1f531dc2,disposition.horse,available,26.08,26.08,high,low,11,spaceship,,,29/09/2026 02:57
4c37dedb-0e70-447d-aa3e-79925006e452,barrister.horse,available,32.49,32.49,high,low,9,namesilo,,,22/09/2026 08:39
c6ba5c4c-2408-42b5-856d-4e647b2680f0,formulaic.horse,available,32.49,32.49,medium,low,9,namesilo,,,18/08/2026 12:18
bc798b74-df2c-41b6-a92d-4b165ba2f211,rivas.horse,available,25.2,25.2,high,low,5,cloudflare,,,01/10/2026 09:54
a3f98561-2eee-42d0-910f-3f3db0bb1eaf,jasper.horse,premium,88,26.97,high,low,6,dynadot,,,30/09/2026 17:43
b38313cb-9f5b-4f41-bbfb-6320d4d5a9ca,proudly.horse,available,32.49,32.49,high,low,7,namesilo,,,15/09/2026 21:48
a8aa876b-5190-4812-b2a8-86a263fc974c,cookbook.horse,available,26.26,26.26,high,low,8,porkbun,,,01/10/2026 19:04
8576b833-5262-48df-bb6c-167b2d4f51e8,mockery.horse,available,32.49,32.49,medium,low,7,namesilo,,,22/08/2026 12:39
6074e6c9-7f45-4d4f-91b3-e439cb92f372,alien.horse,available,32.49,32.49,high,medium,5,namesilo,,,
54296e9a-a8db-4d6d-ab43-88b33b51240d,bounds.horse,available,26.08,26.08,medium,low,6,spaceship,,,29/09/2026 00:15
8659dedf-6a80-4702-b632-eec10e484638,disagree.horse,available,26.08,26.08,high,low,8,spaceship,,,29/09/2026 15:32
6440c7f6-639b-4120-bf64-969a5fbd177a,eldritch.horse,available,32.49,32.49,medium,low,8,namesilo,,,16/08/2026 02:21
33c2b717-c5a6-4872-952a-b9cd02e2a465,grounding.horse,available,26.08,26.08,high,low,9,spaceship,,,30/09/2026 17:05
45744f41-d4c7-4ce8-8687-1a890b26602b,reverie.horse,available,32.49,32.49,high,low,7,namesilo,,,17/09/2026 21:59
fd4b3b83-7d72-4f8d-85c3-418524007cbe,curtly.horse,available,32.49,32.49,medium,low,6,namesilo,,,14/09/2026 10:10
1985b9f4-7922-4d92-b967-d07fc2f337b2,bannock.horse,premium,96,29.5,medium,low,7,namesilo,,,22/09/2026 02:55
669b3b1e-ef8c-4c97-aed4-661ea82d0d72,antwerpen.horse,available,32.49,32.49,medium,low,9,namesilo,,,19/09/2026 15:48
9dfa3069-9b4c-4f12-9b57-9af5f660a84b,goldfish.horse,available,32.49,32.49,high,low,8,namesilo,,,24/09/2026 12:44
d2384ee3-07d1-4316-a6cf-2652309c4f0c,particular.horse,available,33.98,43.98,high,low,10,namecheap,,,24/09/2026 18:23
c1b8381b-34b7-43f9-8c55-3b9c55e5f14e,roue.horse,available,32.49,32.49,medium,low,4,namesilo,,,09/09/2026 02:53
45bf0f9c-be6c-4c21-844b-b64d4f79e920,seems.horse,available,32.49,32.49,medium,low,5,namesilo,,,18/09/2026 01:08
b1c58528-1cf3-45d7-b02f-3d099e5670e8,signally.horse,available,32.49,32.49,medium,low,8,namesilo,,,16/09/2026 01:49
d1870b55-800d-4a61-9a98-a2aca81cf0af,rainless.horse,available,32.49,32.49,high,medium,8,namesilo,,,09/09/2026 09:46
ec0c3274-b58d-42d1-a2c1-a0e380d6d65e,armchair.horse,available,32.49,32.49,high,low,8,namesilo,,,20/09/2026 06:33
2475440a-d4eb-4d5b-8f68-2c5ff72026c3,regards.horse,available,26.08,26.08,high,low,7,spaceship,,,28/09/2026 12:38
16f53f75-e933-4fff-bc51-533ca716caac,any.horse,premium,500,46.99,high,medium,3,name.com,,,22/09/2026 07:02
c13df8a5-69cc-4237-ac65-ffc2e8f28065,fling.horse,available,26.97,26.97,high,low,5,dynadot,,,29/09/2026 15:22
69314e88-fc6d-4227-9d97-95b37309a753,screams.horse,available,32.49,32.49,medium,low,7,namesilo,,,28/09/2026 00:29
983a4839-f024-4d63-ac23-2b1971ecd2e7,shun.horse,available,32.49,32.49,high,low,4,namesilo,,,24/09/2026 02:00
157e904b-40d0-4c91-aa93-aef93674375e,schenectady.horse,premium,83,26.08,medium,low,11,spaceship,,,28/09/2026 12:25
9e30fb09-68aa-4226-8984-a9b5a4452395,insisted.horse,available,26.97,26.97,medium,low,8,dynadot,,,27/09/2026 23:35
954c7261-f653-4322-b7f1-075c238e978d,competing.horse,available,26.08,26.08,high,low,9,spaceship,,,01/10/2026 10:19
73ea84cd-b84e-4114-b620-534508df1c53,dispense.horse,available,26.08,26.08,high,low,8,spaceship,,,01/10/2026 04:11
a81df331-b0db-4e9d-b8f9-b6c1c9a7dd9b,volition.horse,available,32.49,32.49,high,low,8,namesilo,,,13/09/2026 12:00
695afe43-7d6a-4a43-9f2d-f7ce88b25c75,yemeni.horse,available,32.49,32.49,high,low,6,namesilo,,,13/09/2026 14:34
e50af8d6-7d88-495a-b92a-2f86b2ed9d4e,whereabouts.horse,available,43.98,,high,low,11,namecheap,,,
8d0e1246-4664-4841-a2ab-354aea33c769,expound.horse,available,32.49,32.49,high,low,7,namesilo,,,16/08/2026 00:37
7e4efb15-e12a-4f18-aba3-430b4c1c3ee9,tuppeny.horse,available,32.49,32.49,medium,low,7,namesilo,,,10/09/2026 09:12
763a33c2-27f6-4c42-9e76-e86f3ef1629e,hereafter.horse,available,33.98,43.98,high,low,9,namecheap,,,18/08/2026 19:10
2d439bbe-ea7c-4298-86d6-ccea65ceb512,unfading.horse,available,32.49,32.49,medium,low,8,namesilo,,,12/09/2026 09:53
d08ad71d-b46b-44ab-973f-1b54f32b23fe,nominee.horse,available,26.97,26.97,high,low,7,dynadot,,,29/09/2026 06:17
081d6088-c637-45cc-a645-21e45108975b,rarer.horse,available,33.98,43.98,medium,low,5,namecheap,,,20/09/2026 08:12
64ca61fc-51d2-4b1e-a3c4-f2282e6b4894,unladylike.horse,available,32.49,32.49,medium,low,10,namesilo,,,12/09/2026 14:39
488ba9ea-b431-42bd-95d7-395978444d0d,siberia.horse,available,33.98,43.98,high,low,7,namecheap,,,29/09/2026 20:20
9e5be2ad-491a-407e-8fd3-ad19342dc4ea,sapphire.horse,premium,96,29.5,high,medium,8,namesilo,,,22/09/2026 15:38
c8517658-d1a0-4d33-a29f-f8ce60fc8ffc,information.horse,premium,242,29.5,high,low,11,namesilo,,,30/09/2026 13:49
95d56c25-20e7-49e7-8933-e6ee0a6a57db,sunstruck.horse,available,32.49,32.49,medium,low,9,namesilo,,,11/09/2026 02:01
cc0d2198-5199-453c-bda5-cc949a232c0e,purau.horse,available,33.98,43.98,medium,low,5,namecheap,,,21/09/2026 22:02
0783aacb-065e-4bf9-9c25-06ccdeb8e149,beloit.horse,available,26.97,26.97,medium,low,6,dynadot,,,29/09/2026 22:33
6ed11955-7444-4551-aba1-0c84228aa65d,turtles.horse,available,32.49,32.49,medium,low,7,namesilo,,,28/09/2026 23:52
22d09bba-8db6-4446-9321-6f5c7e9bcd79,shifted.horse,available,26.08,26.08,medium,low,7,spaceship,,,29/09/2026 17:17
61c1696c-d0e0-4a04-b54c-298452b7e467,married.horse,available,32.49,32.49,high,low,7,namesilo,,,25/09/2026 16:47
bbc88c99-a993-4410-a37d-715c2e2d4db0,sion.horse,available,32.49,32.49,high,low,4,namesilo,,,28/09/2026 06:03
201aca45-5e3a-4e16-ab52-539a994e5cd5,enactment.horse,available,32.49,32.49,medium,low,9,namesilo,,,17/09/2026 04:06
3e2c84d2-dbe1-4940-bf77-f5b40eb4fcc9,fis.horse,premium,47.2,29.5,high,low,3,namesilo,,,28/09/2026 03:41
825055fc-c0d3-451c-918e-be4010ee8c3b,hulky.horse,available,32.49,32.49,medium,low,5,namesilo,,,21/08/2026 14:48
7921a647-9728-48e5-8eda-d49351811950,edentulous.horse,available,33.98,43.98,medium,low,10,namecheap,,,15/08/2026 08:36
179983cd-6725-429b-96c4-b60c861468bf,important.horse,available,32.49,32.49,high,low,9,namesilo,,,22/09/2026 13:54
21195a2e-5ec2-4a9d-8b3b-a495fbfa6d6a,maghreb.horse,available,25.2,25.2,medium,low,7,cloudflare,,,01/10/2026 20:27
705ae734-5797-41bc-97e7-16fffa0f03de,investments.horse,premium,87.86,27.82,high,low,11,porkbun,,,01/10/2026 14:48
197a6a4b-9c47-4a04-a6f2-2d027f4625f6,artistic.horse,available,26.08,26.08,high,low,8,spaceship,,,29/09/2026 09:12
665fc654-033a-422c-a6b0-03b1d28b4238,eudaemonia.horse,available,32.49,32.49,high,low,10,namesilo,,,12/09/2026 22:59
b1bc76a0-6f74-4ed0-b15f-0a1b4e1a85c3,uneasy.horse,available,33.98,43.98,medium,low,6,namecheap,,,21/08/2026 19:45
00b8fa70-f79a-4a4a-9a2d-f79f9ebfa079,lynda.horse,available,25.2,25.2,high,low,5,cloudflare,,,30/09/2026 21:11
4a8a065f-7b21-4fcc-8cd2-1b429fc3defd,flogging.horse,available,33.98,43.98,medium,low,8,namecheap,,,22/08/2026 20:16
60fb9461-b901-47bc-99a4-1770bd6a6374,anodic.horse,available,,,high,low,6,,,,
4bf0af11-e779-4fd5-8daa-fd13cb65cd01,unnumbered.horse,available,32.49,32.49,medium,low,10,namesilo,,,13/08/2026 03:46
da6a0b5a-ec6b-4bc3-bd83-a6aa6194484e,ablated.horse,available,32.49,32.49,medium,low,7,namesilo,,,
0b720b43-5867-469e-aeba-16d827110314,shrubby.horse,available,32.49,32.49,medium,low,7,namesilo,,,18/08/2026 17:15
f9c28f7a-0f73-47c5-8f69-2b17152f27f8,inflated.horse,available,32.49,32.49,medium,low,8,namesilo,,,21/08/2026 08:47
005ca481-beab-47c2-bee3-622fe2a5676a,botanical.horse,available,32.49,32.49,high,low,9,namesilo,,,10/08/2026 20:47
9b54b2c6-ee37-4a76-8193-470981c9e5fe,worldly.horse,available,32.49,32.49,high,low,7,namesilo,,,10/08/2026 13:20
d6957638-fd72-4b6a-89a4-ed31644416c5,monarch.horse,available,32.49,32.49,high,medium,7,namesilo,,,10/09/2026 14:59
2385a392-09e7-4d85-bf4f-04cc67360628,fried.horse,available,32.49,32.49,medium,low,5,namesilo,,,13/08/2026 22:34
6851ca66-ebb5-4ba2-967a-2d2418208020,weep.horse,available,26.08,26.08,high,low,4,spaceship,,,29/09/2026 14:16
4a0bfa05-67e9-46d2-a931-9b5398ea933c,rotter.horse,available,32.49,32.49,medium,low,6,namesilo,,,11/08/2026 09:08
5395f53d-e38a-4997-b5de-3808f8461554,gifted.horse,premium,47.2,29.5,high,low,6,namesilo,,,18/08/2026 23:27
b8ed26a1-db29-4088-a57a-669d52c46ba7,adamance.horse,available,33.98,43.98,medium,low,8,namecheap,,,17/09/2026 06:15
8280708a-c5df-4d59-b9c2-8c7d39d33d75,banyan.horse,available,32.49,32.49,high,low,6,namesilo,,,22/09/2026 02:04
18acdeb0-fe17-42ac-b939-b0b51d065c28,analyzer.horse,available,32.49,32.49,high,low,8,namesilo,,,19/09/2026 01:55
dd29151d-60df-4493-a9d8-09ff133c6908,exceed.horse,available,32.49,32.49,high,low,6,namesilo,,,11/09/2026 17:21
d6b3bb25-e988-4d85-8e8c-92484c63a8b0,cheque.horse,available,33.98,43.98,high,low,6,namecheap,,,22/09/2026 02:22
cd80447c-e84b-4a50-9244-07d082f397ef,boomer.horse,available,33.98,43.98,high,low,6,namecheap,,,21/09/2026 13:18
5810f840-3410-47e3-b74b-3b6ef88b69a9,promenade.horse,available,33.98,43.98,high,low,9,namecheap,,,18/09/2026 16:56
9998a64e-a37a-4e1f-8e97-db89ff9c6399,freakish.horse,available,32.49,32.49,high,low,8,namesilo,,,10/08/2026 09:56
07898b76-439e-4199-8170-aa82ea591e13,slide.horse,available,26.08,26.08,high,low,5,spaceship,,,30/09/2026 02:07
4ba8773f-5eda-44f7-b530-96c13e0ec445,embonpoint.horse,available,32.49,32.49,medium,low,10,namesilo,,,12/08/2026 07:33
8fb1a64d-e6e8-44aa-9488-a770774ef0c7,sabbath.horse,available,32.49,32.49,high,low,7,namesilo,,,29/09/2026 13:53
152b17ee-37b5-4a3a-8e55-83557627d463,brood.horse,available,32.49,32.49,high,low,5,namesilo,,,30/09/2026 16:30
6c9d3aea-fd4b-4db9-9bb9-30ee7cf97f95,jacobean.horse,available,32.49,32.49,high,low,8,namesilo,,,22/08/2026 11:47
e411b9df-971a-46ca-b51d-26d5ddbca69d,reservedly.horse,available,32.49,32.49,medium,low,10,namesilo,,,15/09/2026 23:22
bb6115eb-30d0-484a-be2d-34f355a6d187,categories.horse,available,26.08,26.08,medium,low,10,spaceship,,,30/09/2026 06:09
ffdbb77b-5220-48bf-b212-8799c32c272a,winkle.horse,available,32.49,32.49,medium,low,6,namesilo,,,18/08/2026 06:48
6a8a37a5-e48e-47dd-aed0-9668a4014c0d,southey.horse,available,26.26,26.26,medium,low,7,porkbun,,,01/10/2026 21:34
f0bafe1b-a74b-4444-ba0a-de558433e4e7,mitral.horse,available,32.49,32.49,medium,low,6,namesilo,,,25/08/2026 02:10
289adb17-aa66-4577-8ea8-16bcb3709a73,flurry.horse,available,32.49,32.49,medium,low,6,namesilo,,,17/09/2026 09:17
02b762f0-b309-46d4-992b-0251c1de6caa,travelled.horse,available,32.49,32.49,high,low,9,namesilo,,,28/09/2026 09:32
1d56c58b-e475-4f49-8c8d-07f3039336de,superbug.horse,available,32.49,32.49,medium,low,8,namesilo,,,23/09/2026 07:17
aac69b43-6f4e-462c-90d5-ee987bf304d4,guarantees.horse,available,26.08,26.08,medium,low,10,spaceship,,,29/09/2026 11:28
19e1f119-12a8-484f-b039-f92588c8c1f6,mcc.horse,premium,44.19,27.82,high,low,3,porkbun,,,27/09/2026 20:35
c9e6a594-0f65-4b2c-b4a5-d575a7d8beff,expectancy.horse,available,32.49,32.49,high,low,10,namesilo,,,19/09/2026 14:15
3f6bb2a8-9fe4-4940-bdf7-0b837d148a9a,asha.horse,available,33.98,43.98,high,low,4,namecheap,,,30/09/2026 04:47
c183b1d5-9024-45e1-9d29-28a465f7f2b2,autobus.horse,available,46.99,46.99,medium,low,7,name.com,,,21/09/2026 05:51
fba834d0-02d2-402e-a23b-478b22336c1a,muffle.horse,available,46.99,46.99,medium,low,6,name.com,,,13/08/2026 16:49
d22a7404-2938-4445-8264-ca57f59889c9,bethlehem.horse,available,33.98,43.98,high,low,9,namecheap,,,22/09/2026 18:15
61cfb58b-cee1-4cbe-b54e-2a84ac807df5,barbecued.horse,available,32.49,32.49,medium,low,9,namesilo,,,08/08/2026 16:25
6402b2ea-8562-46d7-a41f-24b4bdd3a41f,hovering.horse,available,25.2,25.2,high,low,8,cloudflare,,,30/09/2026 07:20
b152b762-727f-4fb0-a6ef-87fc600bd5a3,hone.horse,available,32.49,32.49,high,low,4,namesilo,,,08/09/2026 16:29
b78a2d1a-feca-459a-bcae-56be9e792688,eats.horse,available,32.49,32.49,high,low,4,namesilo,,,24/09/2026 14:57
896be2f9-4974-4c1f-bbd1-b0acd398b9a3,fes.horse,premium,41.6,26.08,high,low,3,spaceship,,,30/09/2026 09:38
8c37e1c6-dde4-45f4-97bd-d59530fcfd2e,religious.horse,available,32.49,32.49,high,low,9,namesilo,,,09/09/2026 13:37
43c79995-f48e-4fc5-9699-607cd21163cf,muddled.horse,available,32.49,32.49,medium,low,7,namesilo,,,03/09/2026 10:22
eb897d73-18cf-48d5-87d7-518d8e2c9464,crusted.horse,available,32.49,32.49,medium,low,7,namesilo,,,13/08/2026 09:22
81ae7ebd-a375-4a64-8fd4-ba85a8146ef3,continental.horse,available,26.08,26.08,high,low,11,spaceship,,,28/09/2026 21:03
565e59e7-9bc9-4fce-b823-9b51f6ec0f64,wells.horse,available,32.49,32.49,high,low,5,namesilo,,,27/09/2026 04:19
f60b0259-124b-4abc-8af2-13f3b4e9660a,bow.horse,premium,512,29.5,high,low,3,namesilo,,,23/09/2026 01:50
032b580e-c632-4f7a-a898-20b3ef7af925,cheerfully.horse,available,26.08,26.08,high,low,10,spaceship,,,28/09/2026 13:48
2a4a762f-fed3-49ac-b83e-9c2c7943a2fe,fretted.horse,available,32.49,32.49,medium,low,7,namesilo,,,18/08/2026 15:24
5ca1bb3b-26f3-49cc-8582-dd2875a35d31,bergson.horse,available,32.49,32.49,medium,low,7,namesilo,,,23/09/2026 09:22
8478c62d-6d8b-460c-820d-4e20ba5737ff,vixenish.horse,available,32.49,32.49,medium,low,8,namesilo,,,13/09/2026 06:24
c86c275b-a285-421f-ace4-749c6f26fb9e,bellbird.horse,available,32.49,32.49,medium,low,8,namesilo,,,23/09/2026 05:55
7abbcb95-12b3-4ca7-9c90-d3712ca585a2,bennet.horse,available,32.49,32.49,high,low,6,namesilo,,,23/09/2026 08:30
58a5ab89-23c3-40ea-8686-d251e3d2ebfd,sapphirine.horse,available,33.98,43.98,high,medium,10,namecheap,,,09/09/2026 21:22
f2827b4b-070c-468e-ab3d-597bb7843e4f,urbanized.horse,available,32.49,32.49,medium,low,9,namesilo,,,12/09/2026 23:29
a493eea2-2bf7-4119-b8ec-a26d9e6ab71e,sizable.horse,available,32.49,32.49,high,low,7,namesilo,,,20/08/2026 16:38
afc94ae7-6f24-4644-a2fc-0e5534e232df,habits.horse,available,26.08,26.08,medium,low,6,spaceship,,,28/09/2026 04:46
c579aaa5-30dc-4b61-813d-4f244ded7e2e,breakthrough.horse,available,26.08,26.08,high,low,12,spaceship,,,28/09/2026 07:10
5fb5b914-05db-4726-b1b8-3fb0a8581e15,flavorful.horse,available,32.49,32.49,high,low,9,namesilo,,,18/08/2026 07:04
7b29bf6a-da7e-4736-bd20-d0168dbcb2d2,numerical.horse,available,32.49,32.49,medium,low,9,namesilo,,,03/09/2026 22:52
d4b25e44-b9d3-4c35-894c-6ab562d3706d,alecost.horse,available,32.49,32.49,medium,low,7,namesilo,,,18/09/2026 04:46
cb5cc371-bf50-4aef-9aec-b9a96bdf6f52,gage.horse,premium,50,46.99,high,low,4,name.com,,,18/08/2026 19:51
6dfe5411-4c43-46cf-ae00-cc9c9f97ea2a,wrapped.horse,available,32.49,32.49,high,low,7,namesilo,,,
fe54e3ce-5ace-49a6-90fd-e6a6eaab45d7,creating.horse,available,26.26,26.26,high,low,8,porkbun,,,01/10/2026 19:45
6c6a4cc9-d80c-4f18-b6f5-9dc115a40e14,conditioner.horse,available,32.49,32.49,high,low,11,namesilo,,,01/10/2026 05:38
e6e58c03-b494-4e8e-9497-b7040c5d7853,sanctions.horse,available,32.49,32.49,medium,low,9,namesilo,,,20/09/2026 01:56
cfe14295-0265-4b54-8fc5-f6475aab200a,gatherings.horse,available,33.98,43.98,low,low,10,namecheap,,,01/10/2026 18:25
580a7202-ac52-496e-b2a0-ddbb0634e01c,folded.horse,available,32.49,32.49,medium,low,6,namesilo,,,28/09/2026 16:55
bfc87bca-015e-44c8-916a-93aff39a90ea,adar.horse,available,32.49,32.49,medium,low,4,namesilo,,,17/09/2026 06:32
c7f40bb0-c35a-48b0-8149-52c1a94604b7,convergent.horse,available,32.49,32.49,high,low,10,namesilo,,,12/08/2026 23:50
fbe264a4-afc1-414d-b3de-47bf7890c6fa,cages.horse,available,32.49,32.49,medium,low,5,namesilo,,,30/09/2026 07:45
f2f2a963-e411-4773-933e-c8bc15696dd1,apparatus.horse,available,33.98,43.98,high,low,9,namecheap,,,19/09/2026 19:49
47bc1b3b-738d-4798-b319-7254901145a0,spirits.horse,available,32.49,32.49,high,low,7,namesilo,,,29/09/2026 03:40
246d5b87-a8be-48ba-b123-ff8a0ba03599,litoral.horse,available,32.49,32.49,medium,low,7,namesilo,,,24/08/2026 07:36
f5b47308-b7e0-408c-9461-7379bb0bbe01,unguarded.horse,available,32.49,32.49,medium,low,9,namesilo,,,12/09/2026 11:39
8a65271d-797e-43f7-8299-f1bf8980e593,lordly.horse,available,32.49,32.49,medium,low,6,namesilo,,,07/08/2026 17:05
441b5a1a-d68b-419f-9c6d-6026d9b325fa,rosie.horse,available,32.49,32.49,high,low,5,namesilo,,,27/09/2026 19:47
fdbc7139-95a4-46e0-a146-81f5463d9e72,departments.horse,available,33.98,43.98,medium,low,11,namecheap,,,29/09/2026 17:21
f5089bcd-0e8a-4535-bb62-920718e66a70,manipulating.horse,available,32.49,32.49,medium,low,12,namesilo,,,30/09/2026 14:55
7d92285b-28e0-42da-bd1c-74f83e86e183,suggestion.horse,available,32.49,32.49,high,low,10,namesilo,,,25/09/2026 07:41
075dbc62-5fa3-4230-b3eb-51d49dacb79b,sacredly.horse,available,32.49,32.49,medium,low,8,namesilo,,,15/09/2026 23:01
335e1dc7-65f9-4078-9d7a-b8d7703e9cda,foolhardy.horse,available,32.49,32.49,medium,low,9,namesilo,,,18/08/2026 10:28
a96f71ce-788b-4476-8f58-cb173f2dc0e1,directional.horse,available,32.49,32.49,high,low,11,namesilo,,,30/09/2026 11:53
724befc1-d301-4212-aa8b-435fe5ee2012,hijacking.horse,available,26.08,26.08,medium,low,9,spaceship,,,01/10/2026 19:58
8b5a468e-df8c-40b0-b4f5-58d379d3e8e3,demonstration.horse,available,32.49,32.49,high,low,13,namesilo,,,
64f144a7-3b76-4503-ae38-64cdb0ba22ed,lineages.horse,available,26.08,26.08,low,low,8,spaceship,,,28/09/2026 09:04
29d972c7-3b9c-4f5a-8702-cf424e34bbbb,quaggy.horse,available,32.49,32.49,medium,low,6,namesilo,,,10/08/2026 17:10
33f10037-d63d-4589-a3b2-dd0d0dccac71,sportswear.horse,available,33.98,43.98,high,low,10,namecheap,,,17/09/2026 05:14
d4a64d2c-47aa-415d-bc8c-4a78475ae93d,unassigned.horse,available,32.49,32.49,medium,low,10,namesilo,,,12/09/2026 01:12
3ad4017b-4324-45a7-89a2-7da7de4ea3ef,connects.horse,available,32.49,32.49,high,low,8,namesilo,,,29/09/2026 11:28
e42113fe-c4a3-4bd7-a39d-7adaeeaad205,aquatic.horse,available,32.49,32.49,high,low,7,namesilo,,,06/08/2026 10:45
d5c2c4e5-feec-4921-86a9-a96102bac5da,fell.horse,available,32.49,32.49,medium,low,4,namesilo,,,08/08/2026 15:49
6338e0c2-ce6a-479f-9834-169fa4b8d8da,barm.horse,available,32.49,32.49,medium,low,4,namesilo,,,22/09/2026 06:34
d3f1a0c3-e32e-45db-853e-5e6428728219,decency.horse,available,32.49,32.49,high,low,7,namesilo,,,29/09/2026 06:36
68427a88-928c-4f1f-bb6c-fbf9eeac2441,setting.horse,available,25.2,25.2,high,low,7,cloudflare,,,30/09/2026 04:41
790c17c3-6748-459f-b7c1-76d9e4f61ce3,keystone.horse,premium,96,29.5,high,medium,8,namesilo,,,21/09/2026 15:13
e0337cea-bdaf-49af-9b8e-ec31ea6fa837,motives.horse,available,26.97,26.97,medium,low,7,dynadot,,,28/09/2026 17:11
8ecf8337-f038-4368-b416-b6ccf0157b12,mta.horse,available,25.2,25.2,high,low,3,cloudflare,,,28/09/2026 21:38
8fa2474b-7f8a-46e4-aebd-3eb72cd04e08,pla.horse,available,26.08,26.08,high,low,3,spaceship,,,27/09/2026 18:08
058c134e-bd92-4697-8172-480bb014c85c,norvasc.horse,available,32.49,32.49,medium,low,7,namesilo,,,18/09/2026 21:58
d5033d7e-d347-4f8f-86c9-98447acbc916,elfin.horse,available,32.49,32.49,high,low,5,namesilo,,,16/08/2026 03:37
76e01e1a-6f3a-424d-bcdc-81f5232757b2,havoc.horse,available,32.49,32.49,high,low,5,namesilo,,,30/09/2026 10:05
d3ef5f95-3cc4-4e32-b7e9-a48dde208c53,operate.horse,available,33.98,43.98,high,low,7,namecheap,,,25/09/2026 06:12
43844441-daac-42e4-8f4a-25a80738f0a1,excision.horse,available,33.98,43.98,medium,low,8,namecheap,,,16/09/2026 16:06
c7b8a336-0c1b-4ff5-b80f-729f4f355f01,crone.horse,available,32.49,32.49,medium,low,5,namesilo,,,23/09/2026 04:47
222eff90-ce0d-490f-9ec3-b9fea5c977e4,bavarian.horse,available,32.49,32.49,medium,low,8,namesilo,,,09/08/2026 02:00
35f1fc42-316c-4013-8fcc-34be26fa7428,foothold.horse,available,32.49,32.49,high,low,8,namesilo,,,24/09/2026 10:16
d0ce27b1-569b-4b56-88eb-c3a31a54af9d,lagoon.horse,available,26.08,26.08,high,low,6,spaceship,,,29/09/2026 07:27
607499b1-9efa-4f83-9cf8-4a0db233dd1c,shallow.horse,available,26.08,26.08,medium,low,7,spaceship,,,27/09/2026 20:23
3e78487c-be56-41ad-bc7b-01f3874395a8,shrubs.horse,available,26.97,26.97,medium,low,6,dynadot,,,30/09/2026 22:40
37d97096-b59c-4332-aa8d-2caaf6c66dea,emanuel.horse,premium,96,29.5,high,low,7,namesilo,,,25/09/2026 14:33
5dbe4565-5fff-4d98-a198-3754b05bcfb5,indulging.horse,available,32.49,32.49,high,low,9,namesilo,,,05/09/2026 00:26
8fea6e27-fae9-4699-8b32-cae03212b9c9,mutter.horse,available,32.49,32.49,high,low,6,namesilo,,,03/09/2026 11:12
fa6e4cad-d6d7-4287-8be6-df31e3192faf,decade.horse,available,33.98,43.98,high,low,6,namecheap,,,21/09/2026 10:56
6d425aa7-069d-4308-925d-ffe4c39cffdc,shouldered.horse,available,32.49,32.49,high,medium,10,namesilo,,,10/09/2026 06:51
cefaa3bc-da92-46dd-a4eb-da1da89dd5b4,consolation.horse,premium,,,high,low,11,,,,28/09/2026 22:58
cd63974a-ddc3-4255-aa51-de1beb252ef7,wah.horse,available,32.49,32.49,high,low,3,namesilo,,,30/09/2026 03:50
36cc32c2-b5d8-41d7-b351-2d5686c96d38,hindustani.horse,available,32.49,32.49,medium,low,10,namesilo,,,21/08/2026 09:35
1efca219-d3d3-42f4-a386-faf3b68e59f5,sibylline.horse,available,32.49,32.49,medium,low,9,namesilo,,,11/08/2026 12:20
785316ef-7ceb-49b9-ae18-74ff9b2c4480,twisty.horse,available,32.49,32.49,high,low,6,namesilo,,,11/09/2026 21:54
69d93483-0b73-44f1-ad8a-c00cad1f2030,relevant.horse,available,32.49,32.49,high,low,8,namesilo,,,09/09/2026 13:33
708d7441-2aaa-4695-80ec-3b9d63915798,shuha.horse,available,32.49,32.49,medium,low,5,namesilo,,,10/09/2026 07:04
ee37812e-e34c-41c1-b013-4d32caf319a0,scenic.horse,available,32.49,32.49,high,low,6,namesilo,,,09/09/2026 22:58
892b946f-0eb6-4135-81fc-38ffce0dc645,crooked.horse,available,32.49,32.49,medium,low,7,namesilo,,,13/08/2026 07:51
86ca7ceb-92ba-4080-8669-d6d08773b221,prizes.horse,available,33.98,43.98,medium,low,6,namecheap,,,20/09/2026 04:19
fffdfec7-e834-43f8-8160-a21a6415e02d,license.horse,available,33.98,43.98,high,low,7,namecheap,,,25/09/2026 08:58
206ee511-e95c-4305-9b83-76893a15a7e5,idly.horse,available,32.49,32.49,high,low,4,namesilo,,,15/09/2026 01:38
e9d42311-a12e-4f50-8c27-60af99258fd0,crustacean.horse,available,32.49,32.49,high,low,10,namesilo,,,13/08/2026 09:19
6f0580e3-3891-4a10-a744-0780191a7841,laying.horse,available,32.49,32.49,high,low,6,namesilo,,,25/09/2026 22:34
10a62094-ef0d-4589-a909-2bbdd80ceabe,belt.horse,available,26.08,26.08,high,low,4,spaceship,,,28/09/2026 13:21
6f41a34d-4642-4a6d-8984-7cb3a12982ed,gull.horse,available,32.49,32.49,high,low,4,namesilo,,,12/08/2026 15:08
84af6776-0b54-44a7-8daf-137117ea6037,abacus.horse,available,46.99,46.99,high,low,6,name.com,,,16/09/2026 13:45
00a1c814-bd34-4b4e-95e4-fd0b765190df,cordell.horse,available,32.49,32.49,medium,low,7,namesilo,,,01/10/2026 12:03
bf309470-8f8b-43bf-b36f-deeb754f170b,igm.horse,available,32.49,32.49,high,low,3,namesilo,,,01/10/2026 02:41
948a56f5-40e3-4ca8-ab38-8e928c4f8a66,sindh.horse,available,32.49,32.49,medium,low,5,namesilo,,,30/09/2026 13:12
d8988ad2-1ba3-4774-aa5a-aeda8860075b,nonionic.horse,available,33.98,43.98,medium,low,8,namecheap,,,03/09/2026 19:33
e4a86631-a842-47ad-8063-23b7e172ebee,antimicrobial.horse,available,26.97,26.97,high,low,13,dynadot,,,30/09/2026 11:51
57a40952-0885-4daa-afac-dea64d836b68,rouge.horse,available,25.2,25.2,high,medium,5,cloudflare,,,29/09/2026 07:59
832e4360-5226-4d72-9b25-62cec98345db,dodson.horse,available,32.49,32.49,medium,low,6,namesilo,,,29/09/2026 22:21
1435ed17-d856-49fd-977b-d4eb0a10b505,plumbing.horse,available,32.49,32.49,high,low,8,namesilo,,,22/09/2026 13:57
75f2dba6-842a-4162-a53f-3f63e2a0a67f,discharge.horse,available,32.49,32.49,high,low,9,namesilo,,,20/09/2026 01:05
a4a2dcf7-fb20-4783-b522-05ddc229048b,discontinuity.horse,available,32.49,32.49,medium,low,13,namesilo,,,30/09/2026 11:55
ccd02232-50fe-4b12-899a-7d1cd4d1f131,apologetic.horse,available,32.49,32.49,medium,low,10,namesilo,,,06/08/2026 02:07
a6d9eeff-5d68-4083-a897-dbe6295f42ba,georgian.horse,available,32.49,32.49,high,low,8,namesilo,,,18/08/2026 22:37
56e7451b-b1e0-4214-bb0c-fcb7a172c7da,hanging.horse,available,32.49,32.49,medium,low,7,namesilo,,,25/09/2026 04:41
a0afe346-1ed5-4f29-a52e-4e103370050d,revd.horse,available,33.98,43.98,medium,low,4,namecheap,,,01/10/2026 23:42
ced2a4dd-f969-41cc-a923-998e99d11303,magnified.horse,available,32.49,32.49,high,low,9,namesilo,,,24/08/2026 13:08
263962ff-0d64-478d-82b3-94fd797caec0,lumpy.horse,available,32.49,32.49,medium,low,5,namesilo,,,12/08/2026 07:46
8eae8d8a-03d4-4083-85aa-319b9709b835,absolver.horse,available,33.98,43.98,medium,low,8,namecheap,,,16/09/2026 18:07
c35b7bcd-6429-45f8-8b7a-ae875ddbbf3b,desalination.horse,available,32.49,32.49,high,low,12,namesilo,,,30/09/2026 06:33
0af6cb85-35c0-46f3-80aa-2a72680509da,kindergarten.horse,available,26.97,26.97,high,low,12,dynadot,,,29/09/2026 05:20
b51b57b6-fb57-4c4b-a7ec-7e4fb66d7a74,navarro.horse,premium,83,26.08,medium,low,7,spaceship,,,28/09/2026 08:00
02a5fcba-2466-45a3-b8be-45eeee80a94f,unhatched.horse,available,32.49,32.49,medium,low,9,namesilo,,,12/09/2026 12:05
04c45cab-1818-4ecb-a41c-fbf1a65ca04c,nascent.horse,available,32.49,32.49,medium,low,7,namesilo,,,03/09/2026 13:35
d7722b52-30e2-41c5-a040-7fcfca9c9dad,joy.horse,premium,2500,,high,medium,3,name.com,,,30/09/2026 00:59
2fde94e7-a015-4a45-bbaf-ce46b38867ac,slice.horse,available,32.49,32.49,high,low,5,namesilo,,,27/09/2026 13:29
136cd752-29bf-4887-924f-87fc709365a4,freedoms.horse,available,32.49,32.49,medium,low,8,namesilo,,,30/09/2026 16:22
01475c8f-3559-4708-a7f8-5ba33ab964a1,mutt.horse,available,26.08,26.08,high,low,4,spaceship,,,01/10/2026 01:39
67d6ebd1-48f0-4190-b247-f241767f6007,ungummed.horse,available,32.49,32.49,medium,low,8,namesilo,,,12/09/2026 11:43
2d165460-1f35-4ee0-b611-182c36d79254,announcer.horse,available,32.49,32.49,high,low,9,namesilo,,,19/09/2026 10:49
60d7deb1-8f43-47ef-8576-454a911fca0e,zhejiang.horse,available,32.49,32.49,medium,low,8,namesilo,,,29/09/2026 03:49
50cddba3-b2f1-4de1-9ed1-fd071be6484f,objection.horse,available,32.49,32.49,high,low,9,namesilo,,,25/09/2026 22:40
5f14eb62-b07f-4d53-9f28-622bcb13f67a,beauteous.horse,available,32.49,32.49,medium,low,9,namesilo,,,09/08/2026 05:58
d308fcdb-c13b-4db7-82f7-b3120125ab69,scrimmage.horse,available,32.49,32.49,high,low,9,namesilo,,,22/09/2026 16:24
1efe995c-9fdd-45df-babf-2f5754ff1e85,aviator.horse,available,33.98,43.98,high,low,7,namecheap,,,17/09/2026 13:09
1d159760-1238-46e3-894a-6d68a407a0a7,adopting.horse,available,32.49,32.49,high,low,8,namesilo,,,30/09/2026 06:46
7387a15e-ce23-414e-b01a-14ad206b8cb1,stilwell.horse,available,26.08,26.08,medium,low,8,spaceship,,,01/10/2026 20:11
f56d4237-b071-45a3-be13-1687bdc54c5f,caucasian.horse,available,32.49,32.49,high,low,9,namesilo,,,11/08/2026 22:16
450078df-3a6c-4f0d-bb07-47d901d6b929,graphene.horse,available,32.49,32.49,high,low,8,namesilo,,,30/09/2026 19:52
6f6826a9-7b86-4da4-8e57-3fda712b6245,iff.horse,premium,44,26.97,medium,low,3,dynadot,,,30/09/2026 04:49
658a5330-de0b-4401-b497-3b4bc5a1e4f1,lamppost.horse,available,33.98,43.98,high,low,8,namecheap,,,30/09/2026 02:00
baa3d123-fbc8-4bcc-9616-43e00a8193f4,reformed.horse,available,32.49,32.49,high,low,9,namesilo,,,09/09/2026 10:53
4352bfc9-babc-4dd5-8c54-cd3ac246ccaa,bigamist.horse,available,32.49,32.49,medium,low,8,namesilo,,,23/09/2026 15:02
b35c8a1f-8c2a-4d3c-8504-2810952a7777,hyderabad.horse,available,32.49,32.49,medium,low,9,namesilo,,,28/09/2026 14:29
7257f8bd-4b97-4d8b-b46b-1e16f605dc63,dijon.horse,available,33.98,43.98,high,low,5,namecheap,,,24/09/2026 22:19
b1426505-33a5-442b-94ce-540995f7e405,kenny.horse,available,32.49,32.49,medium,low,5,namesilo,,,26/09/2026 03:38
e30524cd-9502-41b9-b58f-248cfc5e2fa8,distilled.horse,available,32.49,32.49,medium,low,9,namesilo,,,01/10/2026 12:59
c881bc5f-3577-48a9-85e4-902bbe02678f,theodora.horse,available,26.26,26.26,high,low,8,porkbun,,,30/09/2026 04:52
148d9dab-1ddd-4cce-ba04-96a7c9c8c365,paddy.horse,available,26.08,26.08,high,low,5,spaceship,,,01/10/2026 20:32
db71e3de-bc26-4cda-be36-bcf1102c0fc6,oliver.horse,premium,104,32.5,high,low,6,namecheap,,,25/09/2026 08:05
38f860c7-7b7e-4cea-8a13-db09318b5e7f,alexandria.horse,premium,96,29.5,high,low,10,namesilo,,,18/09/2026 06:02
63317e0c-e18c-46c0-9fa6-962af2108ab4,livelong.horse,available,32.49,32.49,high,low,8,namesilo,,,24/08/2026 07:57
db3ee2db-6d51-443a-b8cf-3cfa7c5e907c,gracefully.horse,available,32.49,32.49,high,low,10,namesilo,,,14/09/2026 21:54
d9220e54-7640-4e4a-95ea-1a452eac2ec6,rack.horse,premium,512,29.5,high,low,4,namesilo,,,27/09/2026 15:29
c523c7a0-a949-42a0-ba23-64b7e5ff4f3f,improper.horse,available,32.49,32.49,medium,low,8,namesilo,,,21/08/2026 23:12
159ac933-228a-4299-bfe0-4e6021d1edfa,choppy.horse,available,32.49,32.49,medium,low,6,namesilo,,,23/09/2026 14:30
df14ba64-b8c2-4354-91ac-54af22801197,homebody.horse,available,33.98,43.98,medium,low,8,namecheap,,,10/09/2026 19:28
3ce990a9-8489-4912-90a2-550374a0330e,carthage.horse,available,32.49,32.49,medium,low,8,namesilo,,,25/09/2026 04:02
f4c5aa43-b1b9-433c-a3fd-1b1f7196a85e,odo.horse,available,32.49,32.49,high,low,3,namesilo,,,01/10/2026 03:09
85f01a1a-5a4c-42c0-ad97-d4e2c7a84fc6,intellectuals.horse,available,32.49,32.49,medium,low,13,namesilo,,,01/10/2026 00:59
bbfa8a4c-1a83-4e01-beaa-cf1b93535568,ramose.horse,available,32.49,32.49,medium,low,6,namesilo,,,11/08/2026 02:14
e20e7be1-666a-493b-ad10-e04976ab1277,burst.horse,available,32.49,32.49,high,low,5,namesilo,,,24/09/2026 10:35
68ae6245-2119-4f26-80f7-54afc6f3f8be,daft.horse,available,32.49,32.49,high,low,4,namesilo,,,06/08/2026 20:50
c9c5ae91-1fe2-47b0-ab54-d921279c6a34,inherently.horse,available,32.49,32.49,medium,low,10,namesilo,,,15/09/2026 08:20
47a3a665-c8fa-497e-baf5-fc4698d2bd69,aerialist.horse,available,46.99,46.99,medium,low,9,name.com,,,17/09/2026 12:50
7f0a7213-0be0-4053-8ab0-11a5269ab147,establish.horse,available,32.49,32.49,high,low,9,namesilo,,,22/09/2026 17:35
81b53bb2-1b6e-4789-9e0d-cf779dfc5c22,succeeding.horse,available,26.08,26.08,high,low,10,spaceship,,,29/09/2026 21:16
d527ec0b-8c09-41c9-bc6e-44dd1b59f6c0,misuse.horse,available,26.97,26.97,medium,low,6,dynadot,,,01/10/2026 20:33
679fc744-46f2-4398-b1b7-52827f90560a,structure.horse,available,25.2,25.2,high,low,9,cloudflare,,,30/09/2026 21:12
41cf39ad-e1fb-4d6d-a767-f8d8f8a31219,predominantly.horse,available,26.97,26.97,medium,low,13,dynadot,,,01/10/2026 05:46
0c37c11e-4422-488f-840f-46a6bc8e57c6,enos.horse,available,32.49,32.49,medium,low,4,namesilo,,,01/10/2026 08:05
838f44ab-c57c-41fe-9f13-22b6177cfe8c,quad.horse,available,26.08,26.08,high,low,4,spaceship,,,29/09/2026 13:30
8a6f9e68-8f27-4156-986c-062fb944824a,assist.horse,available,32.49,32.49,high,low,6,namesilo,,,17/09/2026 20:44
a8e4f318-e0c6-427e-a237-3f52e3b6a454,nearest.horse,available,32.49,32.49,medium,low,7,namesilo,,,28/09/2026 14:05
54180d70-e162-42f3-9f05-134437625011,here.horse,available,32.49,32.49,high,medium,4,namesilo,,,25/09/2026 05:39
fd153194-00f3-412d-89a5-c79f9e2a9fae,excused.horse,available,32.49,32.49,medium,low,7,namesilo,,,17/08/2026 16:44
443765c1-7e5b-4e18-8dc3-227826dabebe,squall.horse,available,26.08,26.08,medium,low,6,spaceship,,,29/09/2026 12:24
6e343b2d-cecb-48f3-995d-855a0e10f2a3,area.horse,available,26.08,26.08,high,low,4,spaceship,,,28/09/2026 22:00
ab38f541-5ae9-475e-870c-1c25272ecfc7,argos.horse,available,33.98,43.98,high,medium,5,namecheap,,,20/09/2026 04:43
cdd325e8-9eca-4d0f-8437-3f1b16d8c1b3,fms.horse,available,32.49,32.49,high,low,3,namesilo,,,30/09/2026 13:03
1b83ca05-1fd1-4150-ba91-16378c64143b,modified.horse,available,32.49,32.49,high,low,8,namesilo,,,25/08/2026 03:15
20397faf-a50c-4d52-b16e-69475d801eaa,donations.horse,available,32.49,32.49,medium,low,9,namesilo,,,29/09/2026 17:05
458a0770-a631-4cf8-affd-b98bf930a64a,limoges.horse,available,32.49,32.49,medium,low,7,namesilo,,,02/10/2026 00:18
ef88c093-65bb-410a-a283-fa1c79fd18cb,particles.horse,available,32.49,32.49,medium,low,9,namesilo,,,
6f4d4e0b-1ba1-4224-ad34-b54a48babce8,silverware.horse,available,26.08,26.08,high,low,10,spaceship,,,30/09/2026 02:53
6ab2d2bd-29d7-4eee-acd7-03f4c9cd90f6,capsulated.horse,available,33.98,43.98,medium,low,10,namecheap,,,11/08/2026 18:12
69b88f86-57f5-45c2-b28c-28858c3ec009,southampton.horse,available,32.49,32.49,medium,low,11,namesilo,,,25/09/2026 14:27
27d5140e-6245-49f4-8020-7fb3004a00aa,kevin.horse,premium,104,32.5,high,medium,5,namecheap,,,25/09/2026 18:28
592445b2-f49a-48f4-bce5-9e753e98071d,bemidji.horse,available,32.49,32.49,medium,low,7,namesilo,,,23/09/2026 07:16
340841fd-d2e7-42f6-9f54-18ed2a716649,siberian.horse,available,32.49,32.49,high,low,8,namesilo,,,27/09/2026 21:41
0e237114-636b-49ad-ad6b-86605ddc6d29,privileged.horse,available,32.49,32.49,high,low,10,namesilo,,,27/09/2026 06:20
0c6ffee0-d009-46df-ad3d-98fec7443cf9,newspaper.horse,premium,88,26.97,high,low,9,dynadot,,,30/09/2026 05:38
7bcc9fdf-4862-4b2f-b773-6b9292b66aa8,chequered.horse,available,32.49,32.49,medium,low,9,namesilo,,,12/08/2026 03:40
70057f44-ded8-4927-aeec-c319debaaf2c,checkmate.horse,available,32.49,32.49,high,low,9,namesilo,,,24/09/2026 14:02
807110c0-7f5c-46e4-ae43-1cd4b1ef4732,stroppy.horse,available,33.98,43.98,medium,low,7,namecheap,,,10/08/2026 17:59
e22e4776-5bc6-4a07-81f2-9e50e5d408cb,gus.horse,premium,47.2,29.5,high,low,3,namesilo,,,25/09/2026 15:07
22de587f-7b41-4ccb-afd8-1b64f5618008,bucolic.horse,available,32.49,32.49,high,low,7,namesilo,,,06/08/2026 14:14
dc2d8d85-7df6-4525-9135-9078a252915a,hobbs.horse,available,32.49,32.49,high,low,5,namesilo,,,27/09/2026 04:26
0be49a45-d25d-4d73-87eb-0cbb075555a5,dominate.horse,available,32.49,32.49,high,low,8,namesilo,,,16/09/2026 01:33
f0294b5d-4fc7-4cc4-9539-826ec1caadc1,cindy.horse,available,32.49,32.49,high,low,5,namesilo,,,
faa4f676-1459-4f3a-9507-ddce9e33ee6e,otsego.horse,premium,87.86,27.82,medium,low,6,porkbun,,,02/10/2026 01:06
7eb3dc7e-20e5-43e5-92e0-112bf8c79870,out.horse,premium,414.2,26.08,high,low,3,spaceship,,,30/09/2026 17:39
6ac5fbc7-51b1-4722-962b-5c307c5b35e3,shakespeare.horse,available,32.49,32.49,high,low,11,namesilo,,,
52c22cda-d86d-49aa-a502-063fd4956b40,scouting.horse,available,25.2,25.2,high,low,8,cloudflare,,,29/09/2026 00:51
a1f9813d-3fde-4887-b9ed-a0d9fd834921,freudian.horse,available,32.49,32.49,medium,low,8,namesilo,,,18/08/2026 15:26
3d782d5a-fe12-4d2e-8dc5-e50ea62cf8b9,stannic.horse,available,32.49,32.49,low,low,7,namesilo,,,10/09/2026 18:41
429010eb-d93d-4456-a358-f612f2b88768,postal.horse,available,32.49,32.49,high,low,6,namesilo,,,09/09/2026 00:18
5c723335-b35c-4b79-98f7-7d3b8f328aba,actifed.horse,available,32.49,32.49,high,medium,7,namesilo,,,17/09/2026 04:37
624b0709-4799-42e2-92a0-9dad2a3b4e8f,consultation.horse,available,32.49,32.49,high,low,12,namesilo,,,29/09/2026 22:42
e8e65b1a-aef7-4fd7-9563-0df752be5bb7,nihility.horse,available,32.49,32.49,medium,low,8,namesilo,,,13/09/2026 06:35
fdad51b7-6820-4bf7-82f9-925aa3ff0efe,gelatinous.horse,available,33.98,43.98,medium,low,10,namecheap,,,18/08/2026 21:01
40141fd2-7651-47d8-b807-210a17b34585,wastebin.horse,available,32.49,32.49,medium,low,8,namesilo,,,20/09/2026 13:38
659703ea-d180-4cc7-b27a-2b45fcd7bd55,worries.horse,available,32.49,32.49,medium,low,7,namesilo,,,28/09/2026 04:50
b5156404-da2f-44e1-99b4-3b85f7fdb6c4,mildness.horse,available,32.49,32.49,high,low,8,namesilo,,,24/09/2026 15:30
62f35bff-e45d-4902-a67c-de3981b27a7d,thrilled.horse,available,32.49,32.49,high,low,8,namesilo,,,11/09/2026 14:36
dec03317-078e-4e7d-b95f-d5547ce8f0f8,browne.horse,available,32.49,32.49,high,low,6,namesilo,,,20/09/2026 10:27
8ed8b5bd-55bb-4938-be84-5fc85aac3fd4,waiting.horse,available,32.49,32.49,high,low,7,namesilo,,,27/09/2026 10:28
7c90e481-040d-40d3-aa2a-30e6acb654a8,fairfax.horse,premium,96,29.5,high,low,7,namesilo,,,25/09/2026 15:13
c29b20df-2cc0-4007-a9ac-01249ce705fe,rosebush.horse,available,33.98,43.98,high,medium,8,namecheap,,,09/09/2026 18:41
a592b9cb-f78b-4009-b25c-001f64505e15,milwaukee.horse,premium,,,high,low,9,,,,29/09/2026 01:40
f7ef439b-aa6b-424e-89aa-94e4cdb93aef,secrets.horse,available,33.98,43.98,medium,low,7,namecheap,,,25/09/2026 19:59
b1c50572-1fa5-4b15-acdb-bc3e58597d3c,thea.horse,premium,96,29.5,high,low,4,namesilo,,,30/09/2026 11:10
c4793363-46fd-4925-9e4e-3a7ba8bf4c37,armorial.horse,available,32.49,32.49,medium,low,8,namesilo,,,06/08/2026 20:15
362052f0-e2a5-4a96-acc8-7d451b2d0722,advisable.horse,available,32.49,32.49,high,low,9,namesilo,,,
b817c897-4d19-418e-b4ec-8162c6220d35,asiatic.horse,available,32.49,32.49,medium,low,7,namesilo,,,07/08/2026 02:29
64e58fa8-cfd0-4ab8-9219-2c8aa0c1bfc7,rockbound.horse,available,33.98,43.98,medium,low,9,namecheap,,,09/09/2026 18:10
ef79478a-3a64-42e3-8c14-0026276d139d,december.horse,available,33.98,43.98,high,low,8,namecheap,,,24/09/2026 21:09
df8c0eea-c586-45aa-85d2-e2ab2b54e916,levodopa.horse,available,32.49,32.49,high,low,8,namesilo,,,23/09/2026 07:46
5f762078-3ae4-4417-93f1-0b45529d6533,wylie.horse,available,26.08,26.08,medium,low,5,spaceship,,,28/09/2026 13:59
470e70b0-48b2-4620-830c-56a477f5635b,adjusted.horse,available,32.49,32.49,high,low,8,namesilo,,,21/09/2026 18:42
d6bb309b-a0e7-463d-b604-e8c687521a83,multiplier.horse,available,26.08,26.08,high,low,10,spaceship,,,28/09/2026 14:56
d36f6f4d-9649-4501-9f6e-b3a6a172dc21,acclivity.horse,available,32.49,32.49,medium,low,9,namesilo,,,16/09/2026 22:40
5d220e58-47dc-4f1f-9204-e498dd7d4575,revelatory.horse,available,32.49,32.49,high,low,10,namesilo,,,06/08/2026 00:55
195bd91b-47dd-4336-b9bf-2371058c78d7,averroes.horse,available,33.98,43.98,medium,low,8,namecheap,,,16/09/2026 18:56
7cd80a16-cf5d-42f0-b26c-09fdd4efdc22,mobs.horse,available,33.98,43.98,medium,low,4,namecheap,,,18/09/2026 05:11
536e231e-95c7-469f-a3fa-b15885ae1ce2,cloggy.horse,available,32.49,32.49,medium,low,6,namesilo,,,12/08/2026 11:46
44d13960-4711-4da6-bd1a-7219f47fc959,nationally.horse,available,32.49,32.49,medium,low,10,namesilo,,,03/09/2026 13:44
d1621416-44f7-4731-9746-2a268a6d8df9,abundance.horse,available,33.98,43.98,high,low,9,namecheap,,,16/09/2026 19:01
9aee3526-b25d-40e8-b641-478efa141af3,joni.horse,available,32.49,32.49,medium,low,4,namesilo,,,02/10/2026 00:14
c374d6f2-aa1a-4bd4-9e34-de5ed77999a0,cerise.horse,available,32.49,32.49,medium,low,6,namesilo,,,10/08/2026 15:04
1ebab198-ca11-4caf-8487-543e4b43d299,kemp.horse,available,26.08,26.08,medium,low,4,spaceship,,,29/09/2026 02:56
849fde0b-0d41-4689-942c-a4d6368b666b,feathered.horse,available,32.49,32.49,high,low,9,namesilo,,,18/08/2026 00:19
d7d80708-2e43-44f4-a667-9c84857ec5e3,antrim.horse,premium,83,26.08,medium,low,6,spaceship,,,28/09/2026 16:38
fd8a6aac-725a-44ad-bf87-d52d40c03e71,shoulders.horse,available,32.49,32.49,medium,low,9,namesilo,,,
97b4f701-d926-48ea-80fb-0c9d215d342a,unprecedented.horse,available,26.08,26.08,high,low,13,spaceship,,,29/09/2026 16:15
f22efe88-59b3-4c61-83dc-e62198c29e64,publisher.horse,available,25.2,25.2,high,low,9,cloudflare,,,28/09/2026 10:33
47b2d5bc-1472-4b3a-9fb0-9164bc0c0eb8,expense.horse,available,32.49,32.49,high,low,7,namesilo,,,24/09/2026 22:30
62b997fa-f343-4f24-b683-99ed8430a367,fta.horse,available,26.08,26.08,high,low,3,spaceship,,,30/09/2026 15:03
3a805e33-4184-4cf3-b805-bc4ee32109bb,nijmegen.horse,available,32.49,32.49,medium,low,8,namesilo,,,01/10/2026 21:08
afe205ae-5f54-42d3-9f33-669f432c5c11,decolor.horse,available,32.49,32.49,medium,low,7,namesilo,,,24/09/2026 05:10
7148164a-0dff-4ec4-806c-da1b6fc3b943,lsa.horse,available,32.49,32.49,medium,low,3,namesilo,,,01/10/2026 18:39
6cdb7353-1f14-41e6-ba9f-2622f4b01a29,sinks.horse,available,32.49,32.49,medium,low,5,namesilo,,,30/09/2026 15:46
05b6289b-fe65-4c76-a2b7-953808c6384f,drilling.horse,available,33.98,43.98,high,low,8,namecheap,,,10/08/2026 20:06
0663e957-8262-445f-bd3e-8dcd85a7e5ec,hebrew.horse,available,32.49,32.49,high,low,6,namesilo,,,21/08/2026 05:43
328819e6-799b-4e0d-aac7-be2cd00dab70,periodically.horse,available,26.08,26.08,medium,low,12,spaceship,,,30/09/2026 14:44
7e956ab9-042c-4170-aa07-d1b96c4d3d2f,onslaught.horse,available,32.49,32.49,medium,low,9,namesilo,,,21/09/2026 01:06
b40422bb-c4d5-484b-94a3-f8eafabd9cef,fang.horse,available,26.08,26.08,high,low,4,spaceship,,,29/09/2026 06:51
29b7dc3e-fd74-4299-ae96-4a6cae072b51,slope.horse,available,25.2,25.2,high,low,5,cloudflare,,,29/09/2026 23:47
de33033e-d18c-4f85-8dd8-da24382d8745,holyoke.horse,available,26.97,26.97,medium,low,7,dynadot,,,28/09/2026 08:11
464375a4-a710-4815-b949-a99fa651c50a,belinda.horse,premium,96,29.5,medium,low,7,namesilo,,,29/09/2026 09:21
2bb434df-25e1-4e79-91fb-ffcc858f23c5,studded.horse,available,32.49,32.49,medium,low,7,namesilo,,,10/09/2026 22:57
70baa45a-50ec-46e0-bada-857429f651a7,riveting.horse,available,32.49,32.49,high,low,8,namesilo,,,21/09/2026 15:09
83f5eacb-3775-497d-9860-581617b81868,influential.horse,available,32.49,32.49,high,low,11,namesilo,,,08/09/2026 05:20
0dc0bd89-56ce-4233-8572-6aacdaa1b75e,macomb.horse,premium,104,32.5,medium,low,6,namecheap,,,30/09/2026 05:38
0af0f790-5287-4a6b-8f2e-ce240ab9395d,assaulter.horse,available,32.49,32.49,medium,low,9,namesilo,,,17/09/2026 17:42
6d6387fc-cdf7-46e9-9177-2cc32b2bef90,norther.horse,available,33.98,43.98,medium,low,7,namecheap,,,03/09/2026 21:34
3b9b7c34-d97d-46b8-be3c-059a748918b5,meshes.horse,available,25.2,25.2,low,low,6,cloudflare,,,01/10/2026 18:22
9d47554d-5554-455b-a20b-1afb0cfd7bb1,torrid.horse,available,32.49,32.49,medium,low,6,namesilo,,,06/08/2026 16:35
d5a34a38-9f39-4d1d-a467-b42d6f6a47b7,isbn.horse,available,26.08,26.08,high,low,4,spaceship,,,30/09/2026 21:36
be8e081b-d7aa-4e9d-802a-4aa38d4a2cda,colonies.horse,available,32.49,32.49,medium,low,8,namesilo,,,29/09/2026 15:59
374ca2a6-9b08-4ba7-8096-4e21c89fe8af,leonidas.horse,available,26.97,26.97,high,low,8,dynadot,,,01/10/2026 02:52
1edf643a-cf8f-4cf7-905f-c6a2502f62fd,always.horse,available,32.49,32.49,high,medium,6,namesilo,,,28/09/2026 12:09
cd5f0a04-3575-4744-9c6b-2abd9dcb9020,cycles.horse,available,32.49,32.49,medium,low,6,namesilo,,,20/09/2026 09:25
b250be93-ecd5-423c-a3c4-84b05ee2d7a0,columbian.horse,available,33.98,43.98,medium,low,9,namecheap,,,12/08/2026 18:12
40b27471-7abe-4991-a6da-ed1e5d1adbdc,panoramic.horse,available,33.98,43.98,high,low,9,namecheap,,,22/09/2026 21:06
55d319b0-7aaa-40dc-a139-59dfd8f828bf,tombstone.horse,premium,96,29.5,high,low,9,namesilo,,,29/09/2026 12:58
27960c1e-d231-4bb7-8887-799a39ce237e,whip.horse,premium,44,26.97,high,low,4,dynadot,,,28/09/2026 11:01
a94d8e0f-cc2b-4a54-9a03-92d3f1e6b55e,quantal.horse,available,32.49,32.49,medium,low,7,namesilo,,,09/09/2026 07:28
2d68fa0e-cba2-45a9-a406-77a523e76b23,saturated.horse,available,32.49,32.49,medium,low,9,namesilo,,,09/09/2026 21:53
1a4cd03a-144f-4add-b89b-296f0f8e7d15,slain.horse,available,32.49,32.49,medium,low,5,namesilo,,,10/09/2026 09:53
a7e34a2a-535e-4128-9c08-966072a8553b,cornwall.horse,available,26.97,26.97,medium,low,8,dynadot,,,29/09/2026 06:24
c0519e19-57cf-453c-a326-836ef07a8fe4,modifiable.horse,available,32.49,32.49,medium,low,10,namesilo,,,25/08/2026 03:12
c5fac724-49df-4c1f-9918-34b7397a3b66,axone.horse,available,32.49,32.49,high,low,5,namesilo,,,21/09/2026 10:31
7a007849-2da8-481a-a3bb-84cc264f675a,devolve.horse,available,32.49,32.49,medium,low,7,namesilo,,,13/08/2026 23:59
e396d175-8a58-497b-b9d8-494168246142,winnie.horse,available,32.49,32.49,high,low,6,namesilo,,,29/09/2026 09:15
a5f8c7b4-8917-4cfc-9a95-3572c2486255,suzy.horse,available,32.49,32.49,high,low,4,namesilo,,,01/10/2026 07:57
53341aa8-e032-4473-afca-91913e440bd5,shown.horse,available,33.98,43.98,medium,low,5,namecheap,,,27/09/2026 08:00
c7d0f430-c1b4-459b-9dc6-4231b0da38d4,lise.horse,available,26.08,26.08,medium,low,4,spaceship,,,02/10/2026 00:14
a91f4145-6997-482d-8172-f6a9696b3171,disassemble.horse,available,32.49,32.49,high,low,11,namesilo,,,01/10/2026 23:52
556c80fe-2826-4f84-bccd-fd9855191aa6,reality.horse,available,32.49,32.49,high,low,7,namesilo,,,26/09/2026 00:09
3c4a1cae-8373-4b62-8c65-a59962d1f99b,retail.horse,premium,41.6,26.08,high,low,6,spaceship,,,01/10/2026 15:26
accc661f-edd1-4eae-8cb5-a082010e2621,renascent.horse,available,32.49,32.49,high,low,9,namesilo,,,09/09/2026 13:55
469a69c8-754c-44de-854a-5251da394450,ethnologic.horse,available,32.49,32.49,medium,low,10,namesilo,,,17/08/2026 13:51
c02f87f9-3679-4495-b99b-90c140e365ed,georgiana.horse,available,26.08,26.08,medium,low,9,spaceship,,,30/09/2026 21:21
047f49a8-08ea-4ba2-abf9-bfe16e5e1489,untucked.horse,available,32.49,32.49,low,low,8,namesilo,,,12/09/2026 21:50
e57eea8b-9a66-463e-8e0c-5fa546c54643,angulate.horse,available,32.49,32.49,medium,low,8,namesilo,,,
3fef475f-e5d8-43f8-b985-010739fa2f04,overfed.horse,available,33.98,43.98,medium,low,7,namecheap,,,04/09/2026 20:33
a6d0da1c-3afe-43ea-8751-5c4c1e25e6d7,homophile.horse,available,33.98,43.98,high,low,9,namecheap,,,18/08/2026 20:56
9bddc3c7-e498-463d-a389-88687382526d,protestant.horse,available,32.49,32.49,high,low,10,namesilo,,,09/09/2026 04:08
4f01d830-6910-439a-9ea8-3a0faacddbd7,grossly.horse,available,32.49,32.49,medium,low,7,namesilo,,,14/09/2026 22:29
e530e332-0da8-4c1a-a1ec-e368db605d38,pumped.horse,available,25.2,25.2,high,low,6,cloudflare,,,29/09/2026 03:14
87dfb2a7-fc48-4a9b-a82b-e335acb63815,forgets.horse,available,26.08,26.08,medium,low,7,spaceship,,,30/09/2026 16:05
1b5e4fb0-3d2c-4dd6-ac46-80db5ae37b85,waterless.horse,available,33.98,43.98,medium,low,9,namecheap,,,06/08/2026 19:03
fed0981a-617c-48b4-9e96-f40ffde4a0ff,keynes.horse,available,33.98,43.98,medium,low,6,namecheap,,,25/09/2026 23:18
21c8e39c-4f91-4601-84c9-4be8984f8917,calender.horse,available,26.08,26.08,medium,low,8,spaceship,,,29/09/2026 05:50
57951b47-b2d0-497d-a22f-2dbaa2df48f3,sauvignon.horse,available,32.49,32.49,medium,low,9,namesilo,,,01/10/2026 07:01
81c55cb4-100d-4499-be8d-4e45c43e0d7d,fungoid.horse,available,32.49,32.49,medium,low,7,namesilo,,,18/08/2026 18:37
7d254a17-69e2-4f1e-911a-feb358f3e5eb,biddy.horse,available,32.49,32.49,medium,low,5,namesilo,,,23/09/2026 13:45
3629c433-d369-48d3-9a4c-b09a237223e9,dialog.horse,available,32.49,32.49,high,low,6,namesilo,,,24/09/2026 22:13
d4c376fb-44b5-4215-833f-ddd81d791830,burner.horse,available,32.49,32.49,high,low,6,namesilo,,,29/09/2026 11:49
949e31bb-3aee-4f72-b848-93c6703d2a57,satellites.horse,available,32.49,32.49,medium,low,10,namesilo,,,
6293f1f3-bf45-4d59-9a4c-e9b389fb22b0,luftwaffe.horse,available,26.08,26.08,medium,low,9,spaceship,,,28/09/2026 09:53
0712d29f-2532-4557-a2ee-bf8fa7918a47,vegas.horse,premium,242,29.5,high,low,5,namesilo,,,25/09/2026 15:39
6eead728-77a8-40d3-9843-79e9e6f76430,deniable.horse,available,32.49,32.49,medium,low,8,namesilo,,,14/08/2026 01:50
41543d26-a050-470e-997e-8f4b9e9551fd,custard.horse,available,33.98,43.98,high,low,7,namecheap,,,24/09/2026 20:38
918316fd-b95c-4746-9ed9-4135e86409f6,karel.horse,available,25.2,25.2,high,low,5,cloudflare,,,29/09/2026 09:01
97e36787-22d8-486f-9d2d-9bd5e2db586b,slushy.horse,available,32.49,32.49,medium,low,6,namesilo,,,09/08/2026 01:25
e54e324a-a868-4460-abd0-c0b77e5b5b69,pilot.horse,available,32.49,32.49,high,medium,5,namesilo,,,28/09/2026 19:40
2aed2711-41e1-4b5c-88b4-87c24bcc74aa,asturias.horse,available,26.97,26.97,medium,low,8,dynadot,,,29/09/2026 15:34
af2126ba-680d-446f-bd51-15f8befc9c61,tarzan.horse,available,32.49,32.49,high,low,6,namesilo,,,29/09/2026 02:18
94a1f0ee-cde3-43c7-bf33-9ad08cc1eac0,pint.horse,available,25.2,25.2,medium,low,4,cloudflare,,,29/09/2026 12:06
578201ba-1a64-43ae-ad7f-2bbdb727d3af,byzantine.horse,available,32.49,32.49,medium,low,9,namesilo,,,11/08/2026 12:12
93eb2b3e-af57-42c2-bf0d-786d9654e19c,confrontation.horse,available,26.08,26.08,low,low,13,spaceship,,,28/09/2026 17:10
d3473505-9746-48b4-addf-1a3ed19da4f2,unbearable.horse,available,32.49,32.49,medium,low,10,namesilo,,,25/09/2026 10:28
6b6ccff5-17f2-4eb4-966a-f6e242913134,spermous.horse,available,32.49,32.49,high,medium,8,namesilo,,,10/09/2026 15:30
4f3377cf-f919-492d-8bd2-eebe3d2a3e54,stubbornly.horse,available,32.49,32.49,medium,low,10,namesilo,,,14/09/2026 10:12
5866ce74-8231-466c-8781-2bb45f482af5,plenty.horse,available,32.49,32.49,high,low,6,namesilo,,,17/08/2026 09:49
a6ff73dd-4713-4cfb-8627-b7ef306786ac,fruity.horse,available,33.98,43.98,high,low,6,namecheap,,,06/08/2026 21:00
21fdd32d-5e17-41e6-8221-1a3b6a14de34,marriages.horse,available,33.98,43.98,medium,low,9,namecheap,,,28/09/2026 18:09
04d750e7-bbe0-46ab-9a6d-1f863b9c83d9,schumann.horse,available,26.26,26.26,high,low,8,porkbun,,,28/09/2026 05:27
aef5366a-d9bd-4c29-8e44-a91454a91d99,classless.horse,available,32.49,32.49,medium,low,9,namesilo,,,12/08/2026 09:48
594ed8ef-b9a6-4c7b-8405-3a6659d062bc,robbins.horse,available,26.08,26.08,medium,low,7,spaceship,,,29/09/2026 01:23
07f16be7-be64-4bda-9b57-a074e486a7a5,encomium.horse,available,32.49,32.49,high,low,8,namesilo,,,05/09/2026 00:40
b12e3dc4-c73e-4c7a-a282-6e74e6c426cb,exaggeration.horse,available,26.08,26.08,medium,low,12,spaceship,,,02/10/2026 01:28
ec04e2f8-4284-4de8-8452-24ba11d49239,parcel.horse,available,33.98,43.98,high,low,6,namecheap,,,24/09/2026 11:15
3d459eae-e7a9-417a-badc-2b55fa03a06a,befog.horse,available,32.49,32.49,medium,low,5,namesilo,,,03/09/2026 23:52
a510d710-aeb2-483f-b5f0-5e6fce6edf16,saliferous.horse,available,33.98,43.98,high,medium,10,namecheap,,,09/09/2026 20:52
fb18429b-0637-4823-a763-337ba9ec9636,opal.horse,available,32.49,32.49,high,low,4,namesilo,,,30/09/2026 06:08
39e342c8-b999-4928-a8ca-77405c928d52,resign.horse,available,32.49,32.49,medium,low,6,namesilo,,,30/09/2026 06:20
79a165b6-969e-4292-b782-ec66f9b9b7e2,rotated.horse,available,32.49,32.49,medium,low,7,namesilo,,,27/09/2026 14:36
0db278be-40a6-4295-a185-76ad895390b2,tenthly.horse,available,32.49,32.49,medium,low,7,namesilo,,,16/09/2026 08:21
52642c76-7a93-4626-ba92-f51b2bdeedbf,transferred.horse,available,32.49,32.49,medium,low,11,namesilo,,,27/09/2026 22:38
ef0b6ccf-c8d0-45da-9304-42058b04990a,blm.horse,available,26.08,26.08,high,low,3,spaceship,,,29/09/2026 09:47
1c82ade0-9066-4256-92a8-cc63aee2025e,infection.horse,available,32.49,32.49,medium,low,9,namesilo,,,27/09/2026 04:34
45c5b138-86f6-4f01-9146-1b4b5d7466ff,attacks.horse,available,32.49,32.49,medium,low,7,namesilo,,,27/09/2026 02:47
d550a735-a26d-4252-94a8-d91b432024d0,performed.horse,available,32.49,32.49,medium,low,9,namesilo,,,
dba3e71a-0840-4525-8000-fb843809480b,heedful.horse,available,32.49,32.49,medium,low,7,namesilo,,,
8b24a47b-4614-4841-96e7-063ebd6d5087,nizam.horse,available,26.08,26.08,high,low,5,spaceship,,,01/10/2026 06:54
82b54c29-a5f0-4635-9a38-91e66c396a8c,eightfold.horse,available,32.49,32.49,medium,low,9,namesilo,,,15/08/2026 21:27
702b3e28-8ece-4268-9006-ffb992733189,taurus.horse,available,33.98,43.98,high,low,6,namecheap,,,19/09/2026 04:39
1c41997f-49cb-44ee-afe2-f69e3248fa91,encountered.horse,available,25.2,25.2,low,low,11,cloudflare,,,28/09/2026 23:17
5f9bd714-d64c-4c3e-9acf-dbdbda2673b7,undimmed.horse,available,32.49,32.49,medium,low,8,namesilo,,,12/09/2026 08:06
7eaff4dd-d513-4e36-b014-814b8ad43ad1,accordant.horse,available,32.49,32.49,high,low,9,namesilo,,,
a5f0b4a5-88c5-4942-ad3b-b96f352bdb33,amputee.horse,available,32.49,32.49,high,low,7,namesilo,,,18/09/2026 23:54
8fe96618-6714-4c16-8141-3d7320cfc31c,appears.horse,available,33.98,43.98,medium,low,7,namecheap,,,25/09/2026 20:18
00fa6b7b-04c4-4a44-a1b6-516d8ef80753,effectiveness.horse,available,26.08,26.08,medium,low,13,spaceship,,,30/09/2026 05:52
fccf67de-61ce-4dd8-bb44-f1fab460befd,newsless.horse,available,32.49,32.49,low,low,8,namesilo,,,03/09/2026 16:52
d4164503-41ef-4ff2-abe3-d57c4c7a7499,lowbrow.horse,available,32.49,32.49,medium,low,7,namesilo,,,
db56fc02-c98a-4a1d-99ec-0bc92a0756a6,integrate.horse,available,32.49,32.49,high,low,9,namesilo,,,01/10/2026 17:05
8a94b0e2-fda3-494f-b115-89d69ef98a0d,junkie.horse,available,32.49,32.49,medium,low,6,namesilo,,,17/09/2026 06:51
0a01dd6d-22c6-408e-a615-a43cfb805cb3,satire.horse,available,32.49,32.49,high,low,6,namesilo,,,24/09/2026 13:17
bc22ff1c-dd70-4bf0-8e9d-a3bdab306787,crass.horse,available,32.49,32.49,medium,low,5,namesilo,,,13/08/2026 05:23
c0dd0fcf-fc94-4479-a604-307f6624f833,shared.horse,available,32.49,32.49,high,low,6,namesilo,,,24/09/2026 11:33
866be018-af8b-4715-9e51-f14704f32733,hollows.horse,available,32.49,32.49,low,low,7,namesilo,,,20/09/2026 18:42
3330be8d-53d9-49b3-b358-46ddcf87b605,hargreaves.horse,available,25.2,25.2,medium,low,10,cloudflare,,,01/10/2026 19:56
c1428e66-91a1-457c-bf8a-20084a308062,alder.horse,available,32.49,32.49,high,low,5,namesilo,,,18/09/2026 04:26
a346ea46-fd86-4fb4-864d-4a965c3a8ecb,roughish.horse,available,33.98,43.98,high,medium,8,namecheap,,,09/09/2026 19:01
69b0fc82-37a7-40d3-91a0-f8b85a740d7a,serbs.horse,available,32.49,32.49,medium,low,5,namesilo,,,20/09/2026 12:11
7cd0a84b-abde-466b-9fdb-e2d8254531a9,speer.horse,available,32.49,32.49,high,low,5,namesilo,,,18/09/2026 02:44
c77c725a-d123-4a48-8a41-f38190860089,degrade.horse,available,26.26,26.26,medium,low,7,porkbun,,,01/10/2026 22:09
9bce4bec-72d2-46db-a841-e1622b55e26a,libraries.horse,available,32.49,32.49,medium,low,9,namesilo,,,20/09/2026 00:02
59c322af-8be2-415e-8874-9f5f28db0269,sully.horse,premium,96,29.5,medium,low,5,namesilo,,,24/08/2026 12:51
0320144a-1362-4073-8dd9-233e6149e1aa,lotic.horse,available,32.49,32.49,medium,low,5,namesilo,,,24/08/2026 10:00
045b4800-863c-458c-b76d-38b0f6588415,pouch.horse,available,32.49,32.49,high,low,5,namesilo,,,24/09/2026 11:07
a4fd0e7e-a847-4870-8943-b2a26bf4ca91,androgyny.horse,available,32.49,32.49,medium,low,9,namesilo,,,19/09/2026 04:54
7bc10c88-27c0-4777-8be2-d0347fc39bde,rancorous.horse,available,32.49,32.49,high,medium,9,namesilo,,,09/09/2026 10:13
8a2c2a24-39e9-4d21-9b0b-5098ae1d2232,reeking.horse,available,32.49,32.49,high,medium,7,namesilo,,,09/09/2026 12:32
2a3ab124-636f-49fe-84a5-8826e664820c,satisfy.horse,available,26.26,26.26,high,low,7,porkbun,,,30/09/2026 20:05
45f0036e-54eb-442c-9cad-3e99706c523a,shocking.horse,available,32.49,32.49,medium,low,8,namesilo,,,24/09/2026 11:12
6dd1133c-fb32-416a-9353-bb62929a8a13,aitken.horse,available,32.49,32.49,medium,low,6,namesilo,,,29/09/2026 10:35
86bf7bad-7c1a-4327-82aa-e33d73ce3895,horrors.horse,available,32.49,32.49,medium,low,7,namesilo,,,30/09/2026 00:17
183db617-fae2-4a43-938c-2da8eef11e23,throats.horse,available,32.49,32.49,medium,low,7,namesilo,,,20/09/2026 08:21
49d8eb6e-ef16-49cc-aa8b-2b3b01be0426,rockers.horse,available,33.98,43.98,high,low,7,namecheap,,,23/09/2026 15:34
c34734f0-958a-45c9-9843-9bc0ebdfd895,kensington.horse,available,32.49,32.49,high,low,10,namesilo,,,30/09/2026 12:20
530c6da4-cd7a-4e98-9ec9-c68c8457a156,possession.horse,available,32.49,32.49,high,low,10,namesilo,,,30/09/2026 05:10
8bafd889-9746-4067-8770-48aa366560e9,initiator.horse,available,25.2,25.2,high,low,9,cloudflare,,,29/09/2026 13:07
6f1b74a8-22ce-4f30-8fb4-744afb893ed4,telepathic.horse,available,32.49,32.49,high,low,10,namesilo,,,11/09/2026 10:18
d5a5d0b3-c5c0-41d5-818b-0bcb6d1285aa,fist.horse,available,33.98,43.98,high,low,4,namecheap,,,29/09/2026 09:58
70c1b6f3-237a-4418-b74b-7eb31225a8b4,tingle.horse,available,32.49,32.49,medium,low,6,namesilo,,,11/09/2026 16:11
0ac6f0ff-cd31-47ad-b881-62b0f0952d76,swingy.horse,available,32.49,32.49,medium,low,6,namesilo,,,23/08/2026 09:29
eeb28372-8656-410f-84f0-9e6dcf1ef8e8,spineless.horse,available,32.49,32.49,medium,low,9,namesilo,,,22/08/2026 08:58
d6b2f003-7260-4d5c-bc0c-ed93f461460b,dorian.horse,available,32.49,32.49,high,low,6,namesilo,,,14/08/2026 16:11
64a9f9b1-ddf0-48fa-81a8-9f65e1b51c4e,hats.horse,available,32.49,32.49,high,low,4,namesilo,,,18/09/2026 07:32
d11b9b80-1509-40e1-b93a-da649d5adb70,ponies.horse,premium,2070.2,26.08,high,low,6,spaceship,,,30/09/2026 15:39
1076595c-8f30-4d8a-8e78-9c3d19554337,wintertime.horse,available,32.49,32.49,high,low,11,namesilo,,,
1d6eca1d-2033-45d0-ba45-cafa8bbd529d,birch.horse,available,32.49,32.49,high,low,5,namesilo,,,10/08/2026 05:53
7431aac8-81a0-4140-9d81-b54306cd1b75,detective.horse,available,33.98,43.98,high,low,9,namecheap,,,29/09/2026 14:16
4199727e-3813-468e-89cb-c4f6ab532fa8,ramjet.horse,available,33.98,43.98,medium,low,6,namecheap,,,20/09/2026 20:48
ae2b3bf5-d211-40c6-892e-9d9c6b86563e,geriatric.horse,available,32.49,32.49,high,low,9,namesilo,,,18/08/2026 22:42
ee08eb1b-8001-444f-9173-ac4654698b5f,brushes.horse,available,32.49,32.49,medium,low,7,namesilo,,,30/09/2026 00:37
e2c3debb-1f23-42f9-8669-a378e695abe1,senefelder.horse,available,32.49,32.49,medium,low,10,namesilo,,,18/09/2026 13:11
79011441-ce6c-4ad6-a989-9223c69bfc67,punky.horse,available,32.49,32.49,medium,low,5,namesilo,,,23/09/2026 22:32
7d9c40d7-6585-4b30-9e42-339c4ee4c9f7,bicentric.horse,available,33.98,43.98,medium,low,9,namecheap,,,09/08/2026 19:09
df57d972-49f2-4868-81d7-a6a703bb666c,andrena.horse,available,32.49,32.49,medium,low,7,namesilo,,,19/09/2026 04:31
0f5494af-f87a-4e01-a447-a100abbd2555,alertly.horse,available,32.49,32.49,medium,low,7,namesilo,,,13/09/2026 18:40
d91d1f7d-1b4c-49a9-bdaf-f86ae6c0b65c,disconnect.horse,available,32.49,32.49,high,low,10,namesilo,,,29/09/2026 15:30
d1afcec2-a6b9-4484-a5f8-d8c442a90a32,amaranth.horse,available,32.49,32.49,high,low,8,namesilo,,,18/09/2026 15:50
27196764-1376-4520-b701-8d849790bc46,deployed.horse,available,26.08,26.08,low,low,8,spaceship,,,29/09/2026 16:37
675e010f-ff9c-4d0a-872f-3b979240b53f,namespace.horse,available,26.97,26.97,high,low,9,dynadot,,,01/10/2026 22:53
92342005-987a-4a6c-a9ce-1ef0409d0e42,beverly.horse,available,33.98,43.98,high,low,7,namecheap,,,25/09/2026 21:21
fec4f237-1ddf-4725-ba09-89b95f59e1e0,directions.horse,available,33.98,43.98,high,low,10,namecheap,,,27/09/2026 09:16
7d7eb656-f2c0-4998-9d0d-33c92af13c67,finals.horse,available,46.99,46.99,high,low,6,name.com,,,18/09/2026 22:07
6cf9ed30-e476-46a2-809b-53080fae2160,righteous.horse,available,32.49,32.49,high,low,9,namesilo,,,27/09/2026 15:12
738bc908-2187-497f-bc37-09ba30667bf2,goldsmith.horse,available,26.08,26.08,high,low,9,spaceship,,,01/10/2026 19:50
83bb1193-8cab-4164-a4c4-5a32810b07db,termination.horse,available,32.49,32.49,high,low,11,namesilo,,,04/09/2026 07:49
a73bf6cc-ee32-404c-8309-b1b08a20802e,asexually.horse,available,32.49,32.49,medium,low,9,namesilo,,,13/09/2026 22:03
019dfdc5-8f2b-48db-9e6a-67b280603dc5,agnatic.horse,available,32.49,32.49,medium,low,7,namesilo,,,
42c1a95c-f5fe-4df6-993b-7fb8e001ebb5,eruptive.horse,available,32.49,32.49,medium,low,8,namesilo,,,17/08/2026 13:12
6290d60a-233f-456f-b780-04f47a4fc18c,outward.horse,available,33.98,43.98,high,low,7,namecheap,,,04/09/2026 19:00
93628c4f-5847-491b-b793-1af3c74037d0,alabaster.horse,available,32.49,32.49,high,low,9,namesilo,,,
4e49740e-e94e-44c7-b61e-cbf425fe5b9e,malted.horse,available,32.49,32.49,high,low,6,namesilo,,,24/08/2026 14:12
e34a1c44-2fef-4d50-99f7-acf0cb3fb6ea,rash.horse,available,32.49,32.49,medium,low,4,namesilo,,,18/08/2026 10:31
054dd002-2faf-4156-a658-000489888261,antonia.horse,available,32.49,32.49,medium,low,7,namesilo,,,28/09/2026 16:29
50528efb-a902-4b5a-9264-536ebab03c19,sauciness.horse,available,32.49,32.49,medium,low,9,namesilo,,,20/09/2026 02:25
f9cba2fa-15cb-45b7-8895-a684097ef0bd,plausible.horse,available,33.98,43.98,high,low,9,namecheap,,,08/09/2026 20:55
7de0988a-e85f-4321-bd5b-0a2ef5cbc6f8,agitator.horse,available,33.98,43.98,medium,low,8,namecheap,,,17/09/2026 18:07
d429dd32-58f9-4812-888d-9752fd265e60,domino.horse,available,33.98,43.98,high,low,6,namecheap,,,19/09/2026 15:22
cf1b6933-828f-4f29-87d1-b66a48d958c2,loveable.horse,available,32.49,32.49,high,low,8,namesilo,,,24/08/2026 10:07
b927fbf5-cd12-4b2f-bcc1-648e16f754f4,inexperienced.horse,available,25.2,25.2,medium,low,13,cloudflare,,,30/09/2026 11:41
f2fe398b-e57f-4246-ac0e-9de3e561cc51,grosvenor.horse,available,32.49,32.49,medium,low,9,namesilo,,,28/09/2026 16:43
3e6c5014-4285-4d4d-be78-8be0ad85ecb3,viking.horse,available,26.08,26.08,high,high,6,spaceship,,,28/09/2026 20:43
5274061c-e875-42a4-b59f-7d151f4e7e3a,rimini.horse,available,25.2,25.2,medium,low,6,cloudflare,,,01/10/2026 07:47
c4726450-ee54-464e-994b-ec3eb9a68b8e,divine.horse,premium,96,29.5,high,low,6,namesilo,,,
6964bb3c-bf17-4646-ab7c-1eb0a91a7b4c,calf.horse,premium,96,29.5,high,low,4,namesilo,,,29/09/2026 05:52
5455473b-19ce-48ac-9eab-a883a039efca,audience.horse,available,32.49,32.49,high,low,8,namesilo,,,21/09/2026 02:53
65b4572d-d979-41c5-b9ed-684fc86c0178,aar.horse,available,33.98,43.98,medium,low,3,namecheap,,,16/09/2026 13:19
5578c5f8-e852-4f14-ac80-6183a2e7f6cb,colossal.horse,available,33.98,43.98,high,low,8,namecheap,,,12/08/2026 17:57
ffe0ac8b-edb0-41e5-95e3-2b193373f30f,silicious.horse,available,32.49,32.49,high,medium,9,namesilo,,,10/09/2026 08:08
f63ded2d-9af9-4700-8456-8e751ac331f5,vedanta.horse,available,26.97,26.97,high,low,7,dynadot,,,01/10/2026 04:06
4b90fe4f-3078-4dce-a467-9ef5ece49e64,unfocused.horse,available,32.49,32.49,medium,low,9,namesilo,,,12/09/2026 10:32
ee593965-7f51-47a1-a9a9-fc841f8957c9,soo.horse,premium,41.6,26.08,medium,low,3,spaceship,,,28/09/2026 21:20
80ac6978-9df5-4a9e-ac50-56d927a8ad19,agromania.horse,available,33.98,43.98,medium,low,9,namecheap,,,17/09/2026 19:38
f7766553-63e0-45c6-b5bb-4e15dd4300b4,travis.horse,premium,96,29.5,high,low,6,namesilo,,,25/09/2026 13:01
766e0586-b20e-4a96-840c-19e9529aff07,confines.horse,available,33.98,43.98,high,low,8,namecheap,,,24/09/2026 17:13
871aef96-abba-4b9f-90d8-6d94a961931f,braid.horse,available,46.99,46.99,high,low,5,name.com,,,24/09/2026 07:53
3f0ba4f5-cf31-40c3-b479-765a28d25852,newsgroup.horse,available,26.08,26.08,high,low,9,spaceship,,,01/10/2026 22:38
53a75621-33bc-447a-8306-d8a5db0d8850,asklepios.horse,available,32.49,32.49,medium,low,9,namesilo,,,17/09/2026 13:21
fe831f93-f4a0-435d-9466-69cfccd8beb5,campanula.horse,available,32.49,32.49,high,low,9,namesilo,,,23/09/2026 06:05
d86cfc07-7713-496f-882d-ea26accca1b4,enquirer.horse,available,32.49,32.49,high,low,8,namesilo,,,20/09/2026 14:24
ae4c1c36-0069-4bdd-b921-aa56deaef33c,aorta.horse,available,46.99,46.99,medium,low,5,name.com,,,19/09/2026 16:04
f0612728-8feb-4afd-94ae-2490083f96dd,romero.horse,available,26.08,26.08,medium,low,6,spaceship,,,29/09/2026 21:33
4fe822b4-6b01-498d-bf55-af79f30720b5,overladen.horse,available,33.98,43.98,medium,low,9,namecheap,,,04/09/2026 20:51
5abd4104-1674-4e35-bdba-ceef5f03058d,visitation.horse,available,26.26,26.26,medium,low,10,porkbun,,,30/09/2026 11:12
7aef8b35-8a49-41a9-ba3d-256e6fbda4e3,satisfactory.horse,available,32.49,32.49,high,low,12,namesilo,,,01/10/2026 10:29
24130ce0-f269-426e-b70d-4a498322cf0a,approaching.horse,available,32.49,32.49,high,low,11,namesilo,,,25/09/2026 11:21
dc3081de-509c-42db-89ef-80d7a9773869,lig.horse,available,26.08,26.08,high,low,3,spaceship,,,30/09/2026 19:16
7520ec06-fd64-48df-99e9-47e84a2c5844,dialect.horse,available,26.97,26.97,high,low,7,dynadot,,,29/09/2026 18:37
a3c7f1c9-e408-4817-af7c-f98fff8d5c93,dickson.horse,premium,104,32.5,high,low,7,namecheap,,,25/09/2026 15:42
a5fdbad9-85f6-4fe1-950a-75a97bef24f8,listens.horse,available,32.49,32.49,medium,low,7,namesilo,,,29/09/2026 11:31
79194fe6-73c0-48e7-97d2-e2c2cc7dbc85,granddaughter.horse,available,33.98,43.98,high,low,13,namecheap,,,30/09/2026 22:09
102751a0-380f-4a31-a4c6-c37a00f62669,spying.horse,available,32.49,32.49,medium,low,6,namesilo,,,29/09/2026 06:49
4e25546b-f326-4608-9b95-a173b2609a99,relational.horse,available,32.49,32.49,high,low,10,namesilo,,,09/09/2026 13:20
72d31853-7c80-4e33-a5a5-8f9c3f837bae,behaviour.horse,available,33.98,43.98,high,low,9,namecheap,,,23/09/2026 03:08
0b64cd5d-d648-4bd1-a142-afccfddeaf79,impression.horse,available,25.2,25.2,high,low,10,cloudflare,,,29/09/2026 23:38
62ae4845-517a-44be-a908-4316308cba17,categoric.horse,available,33.98,43.98,medium,low,9,namecheap,,,11/08/2026 21:29
6f61f0b0-582e-4952-8d70-f8eadce45c9a,endpoints.horse,available,25.2,25.2,medium,low,9,cloudflare,,,30/09/2026 07:49
7ff6c606-3409-43f2-a2e7-5e73ba226491,welch.horse,available,32.49,32.49,high,low,5,namesilo,,,13/09/2026 10:47
21b775b7-c7e4-4523-a93b-f8b4236b7b6e,assail.horse,available,32.49,32.49,medium,low,6,namesilo,,,20/09/2026 15:49
99e8101d-a487-45b2-831b-29ad31160502,anchovy.horse,available,33.98,43.98,high,low,7,namecheap,,,19/09/2026 03:46
d0fa02fe-1906-4c35-9c1b-605686f38ff7,acoustic.horse,available,32.49,32.49,high,low,8,namesilo,,,
edd34667-a29f-4e19-be5a-ea160d4832b5,object.horse,available,32.49,32.49,high,low,6,namesilo,,,19/09/2026 05:21
e173347d-ab64-4a49-80a7-b7869e320117,marianas.horse,available,33.98,43.98,medium,low,8,namecheap,,,30/09/2026 10:22
4d1087e1-8aa3-426a-ba7d-5989fcd5c1dc,rousing.horse,available,33.98,43.98,high,medium,7,namecheap,,,09/09/2026 19:05
8ee3662f-2025-4da5-85b5-ce20e3bad0e6,helsinki.horse,premium,96,29.5,high,low,8,namesilo,,,30/09/2026 16:35
2b83ced4-b890-4fe8-b589-554a149131cf,lena.horse,available,32.49,32.49,high,low,4,namesilo,,,25/09/2026 08:55
f514a0f8-e421-465b-a4af-a6109e49c5de,enjoy.horse,available,26.26,26.26,high,medium,5,porkbun,,,30/09/2026 09:44
02240add-420a-4f39-9d4d-0822ed3f8155,disused.horse,available,32.49,32.49,medium,low,7,namesilo,,,14/08/2026 13:28
4b041543-74d7-468e-ace7-5e9ef26450d4,strangled.horse,available,32.49,32.49,high,medium,9,namesilo,,,10/09/2026 12:13
5cf39b44-1cab-4cd8-8c2a-c9b4292773fd,curable.horse,available,32.49,32.49,high,low,7,namesilo,,,13/08/2026 10:59
4736ea09-9253-4f5b-a91b-a792790f6a05,spoon.horse,available,26.08,26.08,high,low,5,spaceship,,,30/09/2026 11:16
d92a9a03-0f21-4d6b-bf79-4f3f347bf03b,absorbed.horse,available,32.49,32.49,high,low,8,namesilo,,,21/09/2026 14:58
9372f8ba-281f-470b-af84-704665786452,bailor.horse,available,33.98,43.98,medium,low,6,namecheap,,,21/09/2026 19:14
9b422682-6939-4395-aef8-4e206ffdb537,jonah.horse,premium,96,29.5,high,low,5,namesilo,,,24/09/2026 06:55
e094bb08-84af-48b2-9fae-1ca3e86c3ff0,bern.horse,available,26.08,26.08,high,low,4,spaceship,,,29/09/2026 02:12
46b681bf-2cb9-4745-ae0c-c090476cd111,pianissimo.horse,available,33.98,43.98,high,medium,10,namecheap,,,08/09/2026 19:27
1e1ce402-7bd2-41e8-8845-cb39119adba5,tad.horse,premium,47.2,29.5,high,low,3,namesilo,,,30/09/2026 03:00
073cacb9-669f-4a26-ac95-6c47f69a49c6,multicolor.horse,available,32.49,32.49,high,low,10,namesilo,,,03/09/2026 10:35
25882efc-a6af-43cf-8d0e-afb19499dd81,oriole.horse,available,33.98,43.98,high,low,6,namecheap,,,18/09/2026 20:26
5509e263-731b-4d1e-836e-73271cfb1141,summarizing.horse,available,32.49,32.49,medium,low,11,namesilo,,,17/09/2026 10:36
e30993cb-26e1-4c64-bc90-599fe095b062,textual.horse,available,32.49,32.49,high,low,7,namesilo,,,11/09/2026 12:20
eb8eb99d-a3ee-4835-bb03-6eae50ad04c1,liquids.horse,available,26.97,26.97,medium,low,7,dynadot,,,01/10/2026 14:18
2815d856-4dd1-451b-86dc-c488302ae82e,happen.horse,available,32.49,32.49,high,low,6,namesilo,,,25/09/2026 06:00
5eb6b963-c912-4584-acba-3e5b073b6388,bricks.horse,available,32.49,32.49,high,low,6,namesilo,,,
52cb5763-c063-4b2e-885a-d7cd60677912,associations.horse,available,32.49,32.49,medium,low,12,namesilo,,,02/10/2026 02:38
446cf1af-cf76-45c3-a771-b62f082fa12c,hatch.horse,available,32.49,32.49,high,low,5,namesilo,,,27/09/2026 03:37
f22fe381-81aa-42a2-a033-abbd16698dfb,lovelace.horse,available,26.97,26.97,high,low,8,dynadot,,,30/09/2026 10:29
565a7046-1b02-4e4f-971e-39ddc348ba94,airmailer.horse,available,32.49,32.49,medium,low,9,namesilo,,,17/09/2026 23:15
b3b87b6c-437f-4f33-b737-f7a8aecf35ba,outskirts.horse,available,26.08,26.08,high,low,9,spaceship,,,29/09/2026 19:53
259f6e8e-7044-4382-969d-c5d48c714f69,prochoice.horse,available,32.49,32.49,high,low,10,namesilo,,,27/09/2026 06:48
908a146f-2ff8-4765-9302-289031eb1da0,heinous.horse,available,32.49,32.49,medium,low,7,namesilo,,,18/08/2026 06:18
b2e8b2e8-fcbd-4d99-93d8-69a833160745,luisa.horse,available,25.2,25.2,medium,low,5,cloudflare,,,29/09/2026 05:31
3692153f-5b80-4ea7-bae6-df6dd0e9c626,milestone.horse,available,32.49,32.49,high,low,9,namesilo,,,30/09/2026 02:17
33b738a8-0548-4595-b76f-85109be93d75,busted.horse,available,32.49,32.49,medium,low,6,namesilo,,,23/09/2026 12:06
3f550bd2-8529-468f-8319-e7efcaf778a8,consuming.horse,available,33.98,43.98,high,low,9,namecheap,,,23/09/2026 21:22
a873eff2-7b1d-4db1-9963-0420503fdf0e,await.horse,available,26.08,26.08,high,low,5,spaceship,,,30/09/2026 15:31
1ed60ba4-97dc-4760-9113-3f2762b80813,midsummer.horse,available,33.98,43.98,high,low,9,namecheap,,,01/10/2026 20:12
f6371178-d15c-4085-90ed-03e7f0b7d82f,schedules.horse,available,26.97,26.97,medium,low,9,dynadot,,,29/09/2026 05:57
a3992f09-b82c-4db1-8931-cee45eb6e63c,indecorous.horse,available,32.49,32.49,medium,low,10,namesilo,,,22/08/2026 02:18
2df63e60-ba5e-4872-a261-70e6169b3c56,cetaceous.horse,available,32.49,32.49,medium,low,9,namesilo,,,12/08/2026 01:04
5fcee577-2370-4050-9868-ca2af545f217,faulty.horse,available,32.49,32.49,medium,low,6,namesilo,,,13/08/2026 23:08
9b5b3a13-769f-4fa5-8249-e52105da0218,hazel.horse,premium,96,29.5,high,low,5,namesilo,,,21/08/2026 01:45
f87f6fd4-9dc0-4dda-9152-4a8544356b1a,languages.horse,available,32.49,32.49,medium,low,9,namesilo,,,
053cec17-c88c-4cf1-96bd-a29b248815b6,previously.horse,available,26.08,26.08,medium,low,10,spaceship,,,28/09/2026 12:13
cb98706b-0d37-4e2f-aa32-8f1e1c22e788,macfarlane.horse,available,26.08,26.08,medium,low,10,spaceship,,,01/10/2026 07:10
258c7dd3-016e-4138-ad6f-307d42560d41,eloquently.horse,available,33.98,43.98,medium,low,10,namecheap,,,13/09/2026 20:54
ec54437b-0f63-454e-a23a-af15d77c8fc2,pellagra.horse,available,33.98,43.98,medium,low,8,namecheap,,,18/09/2026 13:55
542da61d-9887-4bf1-a17a-dfc9316e7095,annan.horse,available,33.98,43.98,medium,low,5,namecheap,,,30/09/2026 05:28
6f82a1a2-6aed-4438-a5a9-42b231b0c8a5,cui.horse,available,26.97,26.97,high,low,3,dynadot,,,29/09/2026 15:08
552fa086-dbd2-4e47-b5d4-8a9db3f6884f,cabot.horse,available,26.08,26.08,medium,low,5,spaceship,,,30/09/2026 08:53
6a24ca11-8661-4035-a6cc-45a129a0ce2d,gandhi.horse,available,25.2,25.2,high,low,6,cloudflare,,,29/09/2026 20:38
8d483d3e-f309-4ec8-af2d-8ddb54ca0fa2,tva.horse,available,33.98,43.98,medium,low,3,namecheap,,,29/09/2026 03:49
f03b7476-452b-4d72-9904-78d8ed57d2a4,omnibus.horse,available,32.49,32.49,high,low,7,namesilo,,,04/09/2026 02:30
4433bf02-48ce-4615-8724-f6c4b63e6a37,dealer.horse,available,32.49,32.49,high,low,6,namesilo,,,22/09/2026 05:35
31ffca1b-1b3e-4c2d-96be-0c10df727df4,grownup.horse,available,32.49,32.49,high,low,7,namesilo,,,
a4c50425-bd9b-433a-b43f-9ba1b5eae493,hama.horse,available,26.08,26.08,medium,low,4,spaceship,,,02/10/2026 00:52